{"type": "FeatureCollection", "features": [{"type": "Feature", "geometry": {"type": "MultiPolygon", "coordinates": [[[[81.7831954956056, 7.44875001907354], [81.7823638916018, 7.44624996185308], [81.7848587036136, 7.44458389282227], [81.7837524414062, 7.44263982772827], [81.7865295410159, 7.44097089767456], [81.7856979370119, 7.43458318710321], [81.7890243530274, 7.43458318710321], [81.7890243530274, 7.44236183166515], [81.7831954956056, 7.44875001907354]]], [[[81.7509689331056, 7.45791721344], [81.7520523071292, 7.45689296722412], [81.749038696289, 7.45526599884028], [81.7245635986331, 7.455141067505], [81.7185058593751, 7.44662094116222], [81.6904449462893, 7.42093515396118], [81.6740570068361, 7.4139771461488], [81.6702804565431, 7.40124082565313], [81.6635971069338, 7.39879608154303], [81.6610412597657, 7.40373706817638], [81.6628341674806, 7.41414785385132], [81.6596069335939, 7.42132711410517], [81.6605529785158, 7.4473958015443], [81.6572723388673, 7.46130609512335], [81.6605529785158, 7.47252988815308], [81.6541137695312, 7.48003101348888], [81.6544494628908, 7.49152898788458], [81.6480255126954, 7.50256299972534], [81.6483917236328, 7.51057195663458], [81.6459274291993, 7.51631307601923], [81.6496047973636, 7.52519893646246], [81.636116027832, 7.51927280426025], [81.6191558837892, 7.50820302963263], [81.5168151855469, 7.50919294357311], [81.4943008422852, 7.5152850151062], [81.4994201660156, 7.51981115341198], [81.4991455078128, 7.52168178558344], [81.4520339965823, 7.54284620285034], [81.4334716796877, 7.57002019882202], [81.4335784912111, 7.58091020584118], [81.4426422119141, 7.59880781173717], [81.4408187866213, 7.60646390914923], [81.4475250244142, 7.61971187591564], [81.4428558349612, 7.63388013839727], [81.445571899414, 7.64206409454346], [81.3833694458011, 7.65676021575928], [81.3677978515627, 7.66731500625616], [81.363639831543, 7.67680501937872], [81.3456802368164, 7.70240592956549], [81.3386459350587, 7.70658397674572], [81.3286514282226, 7.71953582763672], [81.3285140991211, 7.72999095916754], [81.32430267334, 7.73462390899664], [81.2631988525393, 7.73587322235113], [81.2544174194339, 7.73090219497686], [81.2513580322268, 7.73610305786138], [81.2412338256837, 7.73917818069458], [81.2337188720703, 7.72196388244635], [81.2346801757812, 7.71780586242687], [81.2394027709963, 7.71343994140625], [81.2379455566407, 7.70530080795299], [81.2403488159179, 7.6950678825379], [81.2365493774416, 7.68785619735729], [81.2393569946292, 7.67978096008306], [81.222625732422, 7.6720871925354], [81.2196502685547, 7.65975904464722], [81.2208328247073, 7.65365123748779], [81.2178955078125, 7.64809179306036], [81.2139511108399, 7.64696216583246], [81.1978836059571, 7.66114282608032], [81.1518859863283, 7.67964887619024], [81.1471023559572, 7.67577695846569], [81.1450729370118, 7.67626905441296], [81.1176071166993, 7.68993282318115], [81.1105728149415, 7.69772481918335], [81.0943527221682, 7.72518587112438], [81.0687408447266, 7.73078584671021], [81.049270629883, 7.71884822845465], [81.0240249633792, 7.72305822372442], [81.0107727050782, 7.71825981140148], [80.9891281127931, 7.72169494628912], [80.9926452636719, 7.69872283935541], [80.9875335693362, 7.68882703781139], [80.9928131103517, 7.67768478393555], [80.9946823120117, 7.66145277023315], [80.9816741943362, 7.64324188232422], [80.9779129028322, 7.62496089935308], [80.9847030639651, 7.61730098724365], [80.9855575561525, 7.61118412017817], [81.0073699951174, 7.60241222381603], [81.013298034668, 7.59588384628302], [81.0147399902345, 7.57909393310558], [81.012748718262, 7.56860685348522], [81.0155181884766, 7.55294513702393], [81.021896362305, 7.54194211959839], [81.0295028686526, 7.53790521621704], [81.0302886962893, 7.53134584426886], [81.0359802246096, 7.52580785751343], [81.0417709350587, 7.50532293319714], [81.0556182861329, 7.50608777999884], [81.0584030151369, 7.5076951980592], [81.0567321777344, 7.51041412353527], [81.0631332397462, 7.51241493225092], [81.0648269653323, 7.51515913009644], [81.0763092041015, 7.51207113266003], [81.1131820678711, 7.5448632240296], [81.1316070556642, 7.55620002746588], [81.1635971069337, 7.56987190246582], [81.1709747314453, 7.5691928863526], [81.1789169311525, 7.57208299636847], [81.1844024658206, 7.57175683975225], [81.1879119873049, 7.57412290573131], [81.1987380981448, 7.56437301635742], [81.2014541625978, 7.55837202072155], [81.2053985595706, 7.55541419982916], [81.2039337158205, 7.55139493942266], [81.2072372436524, 7.53648281097418], [81.2067794799804, 7.51635122299194], [81.1989212036136, 7.50093793869024], [81.1992187500001, 7.47151613235485], [81.1925277709961, 7.46605777740479], [81.1948089599609, 7.45977878570557], [81.1896972656251, 7.45440196990978], [81.19002532959, 7.45126581192028], [81.1833419799806, 7.44736719131475], [81.1826324462891, 7.44419193267828], [81.188674926758, 7.43828201293945], [81.1920394897464, 7.42328310012829], [81.1943054199219, 7.42129278182983], [81.1942520141602, 7.41241121292126], [81.2009735107424, 7.3962931632995], [81.2013244628907, 7.38770580291742], [81.1944351196289, 7.38529396057135], [81.1937255859377, 7.37764310836803], [81.1981124877932, 7.37535285949713], [81.2037429809572, 7.36797285079962], [81.2096786499025, 7.34933376312256], [81.2146301269533, 7.34784412384045], [81.214797973633, 7.34368896484381], [81.2188034057619, 7.34051179885876], [81.2200546264649, 7.33289718627935], [81.2233505249025, 7.33202600479132], [81.2303848266604, 7.33464002609264], [81.2372207641602, 7.34180593490601], [81.2460937500002, 7.33528804779064], [81.2455444335938, 7.32599115371698], [81.2639312744141, 7.30768108367926], [81.2715606689454, 7.29129409790045], [81.267234802246, 7.28230190277111], [81.2705154418947, 7.27690076827997], [81.2791595458985, 7.26152420043945], [81.2774353027344, 7.25543785095215], [81.2865982055665, 7.24855995178228], [81.2843246459963, 7.24349594116222], [81.2854843139649, 7.24056005477917], [81.2942886352542, 7.2462210655213], [81.305114746094, 7.25741720199591], [81.3229827880859, 7.26307582855225], [81.3189926147461, 7.27791976928711], [81.3250427246095, 7.29911279678345], [81.3180541992188, 7.31290388107311], [81.3215637207034, 7.32746791839611], [81.3192520141604, 7.33298778533936], [81.3213272094729, 7.3333888053894], [81.3206634521486, 7.33751678466797], [81.3242416381839, 7.33412122726435], [81.3444976806642, 7.33557891845703], [81.3545379638675, 7.33745098114019], [81.3670425415039, 7.34345579147345], [81.3631286621097, 7.35229015350342], [81.3651504516602, 7.35748720169079], [81.3744812011719, 7.35851716995239], [81.3863906860354, 7.37086677551281], [81.3814163208008, 7.37751579284668], [81.3803329467775, 7.38779878616344], [81.3736877441408, 7.39762210845947], [81.3749847412111, 7.41040086746227], [81.3888320922852, 7.40788698196411], [81.4002838134768, 7.41555404663097], [81.4057083129882, 7.41665697097784], [81.4089279174808, 7.4224328994751], [81.4075241088868, 7.43313980102539], [81.4218978881839, 7.43578195571899], [81.4248275756838, 7.4415431022644], [81.436279296875, 7.44356679916388], [81.456367492676, 7.45843410491943], [81.4788436889649, 7.45469903945934], [81.4620056152345, 7.43039178848272], [81.4649963378909, 7.42552280426031], [81.4770965576172, 7.42167186737061], [81.4726409912111, 7.40540313720703], [81.4724044799805, 7.39298391342169], [81.4798507690433, 7.37897396087658], [81.4907989501955, 7.33781814575195], [81.4797668457031, 7.32797622680675], [81.4790115356445, 7.32471323013317], [81.4977188110352, 7.30435085296637], [81.5125122070314, 7.29834318161005], [81.5188217163085, 7.29030704498297], [81.5206527709962, 7.28473901748669], [81.5174484252933, 7.28244590759289], [81.5176391601565, 7.2804679870606], [81.5241699218752, 7.27053308486938], [81.5239486694337, 7.26276302337652], [81.5275650024417, 7.25357580184931], [81.5230712890625, 7.24291181564342], [81.5339813232422, 7.24003076553345], [81.5381393432617, 7.23320293426508], [81.5421066284181, 7.23308181762695], [81.5450134277344, 7.23048591613781], [81.5530929565433, 7.21758413314831], [81.541976928711, 7.21362686157227], [81.5224227905275, 7.1976141929627], [81.5148086547851, 7.18418979644775], [81.5114440917969, 7.18207311630249], [81.5001449584963, 7.15481376647955], [81.5003433227541, 7.14891576766968], [81.5134048461915, 7.13630104064941], [81.5111236572266, 7.131012916565], [81.5130844116212, 7.12556219100964], [81.5113296508792, 7.11785984039312], [81.5157089233401, 7.1089510917663], [81.5154113769533, 7.10299777984625], [81.5211105346679, 7.09747123718256], [81.5331726074219, 7.09035778045654], [81.5364761352541, 7.09477519989014], [81.539405822754, 7.09009790420532], [81.559829711914, 7.08201885223389], [81.5733413696292, 7.08132600784296], [81.57967376709, 7.07633686065674], [81.589309692383, 7.07458877563477], [81.5961227416992, 7.06962490081798], [81.6141586303714, 7.06845092773443], [81.619239807129, 7.0491828918457], [81.6114959716798, 7.0416688919068], [81.6071701049806, 7.02588605880732], [81.6125869750977, 7.01637077331554], [81.6138763427735, 7.00373506546021], [81.6209335327149, 6.99837923049927], [81.6177520751956, 6.97906780242926], [81.6371536254883, 6.96004915237427], [81.6287460327148, 6.91300296783453], [81.6281204223635, 6.8707270622254], [81.6191406249999, 6.75608587265026], [81.6175079345704, 6.69663715362555], [81.6081008911135, 6.57884883880627], [81.6131668090821, 6.57252311706554], [81.6189041137698, 6.57128000259405], [81.6208419799806, 6.56383514404308], [81.6304626464844, 6.55575704574596], [81.6380081176759, 6.54222106933599], [81.6425247192385, 6.541335105896], [81.6509704589847, 6.54493618011469], [81.6559982299806, 6.54047584533691], [81.6635742187501, 6.53904008865362], [81.6684036254883, 6.53351306915283], [81.6730499267579, 6.52229309082031], [81.6854248046876, 6.51381206512451], [81.7031936645508, 6.51327419281], [81.708190917969, 6.51263809204096], [81.7173614501954, 6.53013992309582], [81.7245864868167, 6.53602218627935], [81.7234725952148, 6.53930616378796], [81.7293090820315, 6.54986095428467], [81.727912902832, 6.5531959533692], [81.7395858764649, 6.5693039894104], [81.7387466430666, 6.57236099243164], [81.7420806884768, 6.57680511474621], [81.7406921386719, 6.57847118377686], [81.7454147338867, 6.5856938362121], [81.7481918334963, 6.58541822433477], [81.7476425170901, 6.58736181259155], [81.7504196166992, 6.58736181259155], [81.7534713745117, 6.59180593490612], [81.7573623657227, 6.59180593490612], [81.7579193115237, 6.59513807296759], [81.7629165649417, 6.59986114501964], [81.7593078613284, 6.60513877868664], [81.7598648071292, 6.61097192764282], [81.7690277099612, 6.62819480896002], [81.7693023681641, 6.62458276748663], [81.7718048095704, 6.62569522857666], [81.7731933593751, 6.63708400726318], [81.7779159545899, 6.6465277671814], [81.7756958007815, 6.64735984802246], [81.7762527465823, 6.65125083923346], [81.7720870971683, 6.6543049812318], [81.770690917969, 6.65902709960932], [81.7720870971683, 6.67041587829584], [81.7815246582031, 6.68347311019903], [81.7862472534181, 6.69541597366344], [81.7954483032227, 6.7029209136964], [81.7959747314455, 6.70625114440929], [81.7993087768557, 6.70597314834595], [81.8003540039064, 6.71769380569464], [81.803192138672, 6.72319412231457], [81.8004150390626, 6.72708177566528], [81.8012466430667, 6.73180484771734], [81.8068084716798, 6.73930501937866], [81.8095855712891, 6.74736213684093], [81.8137512207031, 6.75374984741211], [81.8162536621094, 6.75374984741211], [81.8156967163087, 6.75541591644293], [81.8262481689456, 6.76319503784185], [81.8259735107422, 6.76763916015631], [81.8231964111331, 6.76902723312378], [81.8220825195312, 6.77347183227545], [81.8240280151369, 6.7795839309693], [81.8181915283205, 6.78652715682983], [81.8240280151369, 6.80097198486328], [81.8234634399416, 6.80708408355713], [81.8251419067382, 6.80958223342896], [81.8220825195312, 6.81013822555542], [81.8237533569339, 6.81569480896002], [81.822364807129, 6.82069492340094], [81.8259735107422, 6.82152700424194], [81.826530456543, 6.82764005661011], [81.8323593139651, 6.83458185195929], [81.8398590087892, 6.83485984802246], [81.8390274047854, 6.83986091613781], [81.8351364135743, 6.83958292007446], [81.8320846557618, 6.84319496154785], [81.8306961059572, 6.8543062210083], [81.8331909179689, 6.85513782501226], [81.835418701172, 6.86124992370611], [81.8373641967775, 6.86124992370611], [81.8373641967775, 6.86513900756836], [81.84041595459, 6.86958312988293], [81.8437500000002, 6.86930513381964], [81.8459701538088, 6.87152719497692], [81.8459701538088, 6.88152790069591], [81.8431930541993, 6.88402795791637], [81.8431930541993, 6.88680601119995], [81.8484725952148, 6.89763879776001], [81.8440246582031, 6.89930486679083], [81.8431930541993, 6.9054150581361], [81.8509750366212, 6.92513895034801], [81.8529129028321, 6.93819379806519], [81.8559722900391, 6.94069385528564], [81.8562469482424, 6.94763898849499], [81.8568038940429, 6.94569492340099], [81.8587493896486, 6.94736099243164], [81.8584747314456, 6.95180511474604], [81.8595809936526, 6.95097303390503], [81.8654174804689, 6.96402788162237], [81.8673629760743, 6.97458314895636], [81.864860534668, 6.97708320617676], [81.8645858764651, 6.98152685165411], [81.8681945800784, 6.99180603027355], [81.8673629760743, 6.99402809143066], [81.8690261840822, 6.99430608749395], [81.8695831298828, 7.00041723251354], [81.872917175293, 7.00236082077026], [81.8731918334962, 7.00902700424194], [81.8759689331055, 7.01208400726318], [81.8751373291017, 7.01402807235718], [81.8787536621095, 7.02263784408581], [81.874580383301, 7.03402709960938], [81.8756942749025, 7.03569507598877], [81.8701400756837, 7.04264020919811], [81.867919921875, 7.05236005783092], [81.868751525879, 7.06013917922985], [81.8576354980469, 7.10180616378778], [81.8590240478516, 7.11736106872559], [81.8573608398439, 7.13375091552746], [81.8618087768555, 7.15041780471802], [81.8601379394532, 7.15374994277948], [81.8620834350589, 7.18430614471441], [81.8584747314456, 7.18236017227167], [81.8581924438477, 7.17208290100103], [81.8543090820314, 7.16708278656017], [81.8562469482424, 7.15347194671637], [81.8590240478516, 7.15347194671637], [81.8587493896486, 7.14902782440191], [81.8556976318361, 7.1445832252503], [81.8565292358401, 7.1418051719665], [81.8520812988281, 7.14041709899902], [81.8512496948243, 7.14680576324463], [81.8495864868166, 7.14764022827148], [81.8459701538088, 7.14097309112549], [81.8384704589845, 7.13819503784191], [81.844581604004, 7.13263797760004], [81.8448638916016, 7.12874984741211], [81.8462524414065, 7.13013792037964], [81.8429183959963, 7.11930513381958], [81.8351364135743, 7.12264013290411], [81.834861755371, 7.12513780593872], [81.8295822143555, 7.12985992431646], [81.8343048095705, 7.13124990463257], [81.8376388549807, 7.13652706146246], [81.831253051758, 7.14374923706066], [81.8276367187502, 7.15208387374884], [81.8276367187502, 7.16041707992554], [81.8245849609377, 7.1554160118103], [81.8220825195312, 7.15597200393682], [81.8245849609377, 7.15819406509411], [81.8237533569339, 7.160973072052], [81.8259735107422, 7.16180515289318], [81.8243026733399, 7.16541719436657], [81.8276367187502, 7.1634731292724], [81.8279190063479, 7.16791677474981], [81.8251419067382, 7.17097282409668], [81.8259735107422, 7.17486190795893], [81.8281936645507, 7.17458391189581], [81.8276367187502, 7.16902685165417], [81.8298645019534, 7.16847276687628], [81.8301391601564, 7.16541719436657], [81.8331909179689, 7.17097282409668], [81.8393020629883, 7.17597198486328], [81.8490295410156, 7.17847204208374], [81.8481979370118, 7.18180608749401], [81.8506927490234, 7.18735980987555], [81.8565292358401, 7.18735980987555], [81.8568038940429, 7.18375015258795], [81.8618087768555, 7.18652915954601], [81.8631973266604, 7.20041799545299], [81.8598632812502, 7.21597290039057], [81.8618087768555, 7.2168049812318], [81.8631973266604, 7.23680591583258], [81.8595809936526, 7.23680591583258], [81.8623580932619, 7.24208211898804], [81.8593063354494, 7.24763917922968], [81.8640289306642, 7.24347305297863], [81.8645858764651, 7.27152681350708], [81.8679885864258, 7.28764009475719], [81.8656921386719, 7.30097293853765], [81.8670806884767, 7.30430507659912], [81.8662490844729, 7.32180404663092], [81.8620834350589, 7.34236001968384], [81.8562469482424, 7.36152696609503], [81.8509750366212, 7.36930608749401], [81.8518066406253, 7.37347221374506], [81.8462524414065, 7.3865270614624], [81.8406906127932, 7.41124916076666], [81.8381958007813, 7.4120831489563], [81.8390960693361, 7.41434383392334], [81.8273620605469, 7.42791604995739], [81.8231964111331, 7.43625116348267], [81.8170852661136, 7.46624898910528], [81.8157272338868, 7.46793079376226], [81.815139770508, 7.46624898910528], [81.8137512207031, 7.46763896942139], [81.8115310668946, 7.47652816772467], [81.8081970214845, 7.47680616378784], [81.8062515258788, 7.46791696548468], [81.8087463378908, 7.45847320556646], [81.8118057250978, 7.45847320556646], [81.8101425170899, 7.45180606842041], [81.8076400756836, 7.455973148346], [81.8051376342775, 7.45041608810436], [81.8015289306642, 7.45791721344], [81.7995834350585, 7.45930480957043], [81.7968063354493, 7.45819520950329], [81.7981948852542, 7.45347213745129], [81.7959747314455, 7.45347213745129], [81.7956924438477, 7.4440279006958], [81.7926406860352, 7.43986082077038], [81.7962493896487, 7.43986082077038], [81.7973632812501, 7.43375110626221], [81.7945861816409, 7.43375110626221], [81.7948608398438, 7.43625116348267], [81.7909698486331, 7.43708276748663], [81.7945861816409, 7.43041706085216], [81.794303894043, 7.42597198486322], [81.7959747314455, 7.42819404602056], [81.8001403808595, 7.42708396911621], [81.7970809936525, 7.42486000061029], [81.7981948852542, 7.42097187042236], [81.7915267944339, 7.42152786254883], [81.7904129028321, 7.43263912200928], [81.7884750366214, 7.43375110626221], [81.7862472534181, 7.43152713775629], [81.7829132080079, 7.4343051910401], [81.7831954956056, 7.43986082077038], [81.7801361083986, 7.44624996185308], [81.7837524414062, 7.45013809204102], [81.7845840454102, 7.45486021041876], [81.7826385498049, 7.46041679382336], [81.7834701538088, 7.46736097335821], [81.7809753417969, 7.46902704238886], [81.7776412963867, 7.47791576385492], [81.7726364135745, 7.46819591522211], [81.7781982421876, 7.46486091613775], [81.7776412963867, 7.45902919769293], [81.7740249633788, 7.45791721344], [81.772918701172, 7.45458221435541], [81.7693023681641, 7.45513820648193], [81.7673645019533, 7.45875120162958], [81.764030456543, 7.45986080169689], [81.7598648071292, 7.4523601531983], [81.7509689331056, 7.45791721344]]]]}, "properties": {"electoralDistrictCode": "AMP", "electoralDistrict": "Ampara", "province": "Eastern", "aramRegion": "eastern", "district": "Ampara"}}, {"type": "Feature", "geometry": {"type": "Polygon", "coordinates": [[[80.9242324829102, 8.3369197845459], [80.9291687011721, 8.35767841339111], [80.9264297485353, 8.36660289764404], [80.9275436401367, 8.37426376342773], [80.9333114624023, 8.38983154296881], [80.9377822875979, 8.39234161376959], [80.941215515137, 8.39742660522472], [80.9459533691409, 8.41814613342291], [80.9537887573243, 8.43918037414562], [80.9628982543946, 8.45381546020513], [80.972640991211, 8.46010494232172], [80.9716796875001, 8.46858978271484], [80.9829177856445, 8.468095779419], [80.9889755249025, 8.47103118896484], [80.9909133911133, 8.47482395172131], [80.9858627319339, 8.4848518371582], [80.9632873535157, 8.48567485809332], [80.9650878906253, 8.49245738983154], [80.9633483886722, 8.49864292144787], [80.9514160156252, 8.50327396392822], [80.9472503662109, 8.50746059417725], [80.9448471069339, 8.52429008483892], [80.9468154907228, 8.53569030761719], [80.9439926147461, 8.55180835723871], [80.9171142578125, 8.58482170104975], [80.9147262573245, 8.59838485717773], [80.9158554077151, 8.6051397323609], [80.8959655761719, 8.61807632446295], [80.8939437866214, 8.62190532684338], [80.8971252441409, 8.63050460815441], [80.8914794921876, 8.63761138916021], [80.8934249877931, 8.64606189727783], [80.900650024414, 8.6588592529298], [80.8999938964846, 8.66254234313971], [80.9088058471683, 8.66699409484863], [80.9137191772463, 8.67342090606695], [80.9134445190431, 8.68096733093262], [80.9116363525391, 8.68921279907232], [80.8993072509765, 8.71208190917963], [80.8945236206056, 8.7157506942749], [80.8914489746097, 8.7225427627564], [80.8915481567383, 8.72999095916754], [80.8932723999023, 8.73221969604487], [80.8905639648439, 8.74344730377197], [80.8821868896486, 8.7469272613526], [80.8788375854493, 8.7527256011964], [80.8795547485352, 8.76854324340826], [80.8821029663089, 8.77390766143805], [80.883125305176, 8.78858470916754], [80.8924484252929, 8.79937267303467], [80.8929138183594, 8.80414485931408], [80.9010086059571, 8.81637477874767], [80.9109191894534, 8.82356643676752], [80.9126052856448, 8.83685779571539], [80.9088668823244, 8.83647727966314], [80.8965682983399, 8.85347652435308], [80.891052246094, 8.85748386383057], [80.8872909545898, 8.86944866180426], [80.8714904785158, 8.8821296691894], [80.8535079956058, 8.88701725006098], [80.8407363891603, 8.89486789703369], [80.8328781127933, 8.90312290191656], [80.8259582519532, 8.90555763244629], [80.812309265137, 8.91525268554688], [80.7848129272464, 8.92058753967297], [80.7795639038088, 8.91571998596191], [80.7530364990236, 8.90515232086182], [80.7259826660156, 8.89797496795654], [80.7118682861328, 8.89853572845465], [80.6921386718753, 8.88932132720947], [80.676986694336, 8.87605190277111], [80.667533874512, 8.87138938903814], [80.6460342407228, 8.86804962158209], [80.5953750610352, 8.86968421936029], [80.5923233032227, 8.8478794097901], [80.5995712280274, 8.84296321868896], [80.6270599365235, 8.83705997467041], [80.6371765136719, 8.81540203094482], [80.6512603759766, 8.80337047576904], [80.6531295776367, 8.7948455810548], [80.6513824462892, 8.79041767120356], [80.6339187622073, 8.77992534637451], [80.6237411499025, 8.76684665679926], [80.6184768676758, 8.75261592864996], [80.6012115478517, 8.74439525604242], [80.5940628051758, 8.72822475433361], [80.5892868041994, 8.72212409973145], [80.5736312866212, 8.71673965454113], [80.5698318481448, 8.7087450027467], [80.5699768066406, 8.70040988922125], [80.5506744384767, 8.68812084197992], [80.545394897461, 8.67973232269293], [80.5301818847659, 8.67277336120605], [80.519714355469, 8.6587610244751], [80.5135040283203, 8.65992832183844], [80.5067367553714, 8.65841674804693], [80.4972229003907, 8.66630268096924], [80.4869842529299, 8.66990375518799], [80.4689788818362, 8.68491744995112], [80.4513092041017, 8.69251346588135], [80.4444122314453, 8.68908977508539], [80.4277343750002, 8.6731395721435], [80.4242019653322, 8.67398357391369], [80.4219131469728, 8.66205024719244], [80.4161911010744, 8.6622257232666], [80.4105453491212, 8.65950393676769], [80.3994216918947, 8.63406467437756], [80.3854751586913, 8.62309455871582], [80.3809967041018, 8.62177085876476], [80.3789443969729, 8.61126422882091], [80.3827438354495, 8.60214519500732], [80.378631591797, 8.59759616851812], [80.3814620971679, 8.59137916564953], [80.3799896240234, 8.58378219604504], [80.3695907592776, 8.57501029968267], [80.3640899658204, 8.5740909576416], [80.3595581054689, 8.57598304748535], [80.3517761230469, 8.57278823852539], [80.3404388427736, 8.55580806732189], [80.3402328491214, 8.54766273498541], [80.3379669189454, 8.54620170593267], [80.3135147094729, 8.55067634582525], [80.3074722290041, 8.5544252395631], [80.2884979248049, 8.56056213378912], [80.2854995727542, 8.5684642791748], [80.2870712280275, 8.57170677185059], [80.2847061157229, 8.58121395111078], [80.279724121094, 8.58460140228283], [80.2817840576172, 8.59033679962153], [80.2783279418945, 8.59034442901611], [80.2738800048829, 8.60063171386724], [80.2744522094728, 8.61099338531506], [80.2596664428712, 8.61802196502691], [80.2533035278322, 8.61504077911383], [80.2499084472656, 8.61617755889898], [80.2406692504886, 8.62890529632563], [80.237174987793, 8.62899398803722], [80.2390365600586, 8.63733959198009], [80.2373886108399, 8.64586067199713], [80.2334365844728, 8.65208625793457], [80.2349014282229, 8.65915298461908], [80.2379913330081, 8.66338253021252], [80.2356414794922, 8.66806888580322], [80.2354049682619, 8.6804132461549], [80.1138153076175, 8.64943981170654], [80.1048660278323, 8.65058803558355], [80.1004791259768, 8.6537294387818], [80.0951156616214, 8.65239143371593], [80.0865707397462, 8.65624332427979], [80.0801086425781, 8.65363788604748], [80.0725173950197, 8.65898895263678], [80.0635833740235, 8.66077613830578], [80.0620269775392, 8.66404914855968], [80.0444335937499, 8.67323589324963], [80.055305480957, 8.63698577880859], [80.0516815185546, 8.59391498565685], [80.0503692626955, 8.52194690704351], [80.0345840454102, 8.52409362792969], [80.0324859619141, 8.5271368026734], [80.0431442260744, 8.4976863861084], [80.0309295654299, 8.46362590789789], [80.0230255126956, 8.45432662963867], [80.0159606933597, 8.44082641601574], [80.0081176757815, 8.43849658966059], [80.0059356689455, 8.43450832366955], [80.0010833740237, 8.43418884277338], [79.998115539551, 8.4290132522583], [79.988708496094, 8.4222583770752], [79.9879608154298, 8.41995143890387], [79.991081237793, 8.4153089523316], [79.9847946166992, 8.41213798522955], [79.9819869995119, 8.40391540527344], [79.9781570434571, 8.39936637878424], [79.9747467041016, 8.39798545837408], [79.9622192382814, 8.39887809753418], [79.9555969238283, 8.39477443695074], [79.9519348144531, 8.36869144439703], [79.9735641479493, 8.34002590179449], [79.9752197265627, 8.32504558563238], [79.9804611206057, 8.31024456024181], [79.9792480468752, 8.30359745025635], [79.9835510253909, 8.28819179534918], [79.9812698364261, 8.28009223938], [79.9955902099611, 8.25443077087414], [79.9992828369141, 8.2275829315185], [80.0074691772463, 8.2286252975465], [80.0140991210939, 8.22590637207026], [80.0260620117188, 8.22556781768805], [80.0368881225587, 8.23556900024414], [80.0485458374026, 8.22551822662365], [80.061149597168, 8.21939563751221], [80.0782852172852, 8.22208786010748], [80.0861434936524, 8.21070575714117], [80.0957489013671, 8.2076587677002], [80.0988464355469, 8.19795417785645], [80.1025238037112, 8.19624900817882], [80.1062545776369, 8.19578170776373], [80.1100006103518, 8.19230747222912], [80.1101837158206, 8.18889713287365], [80.119773864746, 8.18551540374756], [80.1251754760742, 8.17910385131836], [80.1519851684573, 8.17368793487555], [80.1602096557617, 8.16496753692638], [80.1667938232422, 8.16255474090582], [80.1825103759767, 8.16189575195318], [80.1849365234376, 8.1540899276734], [80.1884994506836, 8.1503963470459], [80.2051773071292, 8.15262889862066], [80.2117919921876, 8.14301776885998], [80.2315826416017, 8.141269683838], [80.2382659912111, 8.1363468170166], [80.2487106323242, 8.13535785675055], [80.2604751586915, 8.12552261352539], [80.265739440918, 8.11529159545904], [80.2828979492189, 8.11553764343267], [80.2873764038089, 8.1175327301026], [80.2904281616214, 8.11665344238281], [80.2923507690433, 8.11911678314209], [80.3028335571292, 8.11555194854748], [80.308982849121, 8.11741638183594], [80.3111572265626, 8.11467933654791], [80.318298339844, 8.11225605010992], [80.3241271972657, 8.09921836853022], [80.3284301757814, 8.09678077697765], [80.3328094482423, 8.08986568450939], [80.3383865356447, 8.08871459960949], [80.3415908813478, 8.08257770538341], [80.3448791503908, 8.08101558685308], [80.3483657836915, 8.08197593688971], [80.3519592285156, 8.0794849395752], [80.3576812744141, 8.06981182098389], [80.3661727905276, 8.06560897827148], [80.3710708618165, 8.05750274658203], [80.3765411376955, 8.05601692199701], [80.3800811767581, 8.05773258209229], [80.3933258056642, 8.04880142211908], [80.3954544067383, 8.05301284790033], [80.4055480957031, 8.05623531341558], [80.4129104614261, 8.05055141448986], [80.4158248901369, 8.04527282714838], [80.4191741943362, 8.04516792297363], [80.4209060668948, 8.03485202789307], [80.4197692871097, 8.01965141296398], [80.4154052734376, 8.00708961486822], [80.4197158813479, 8.00266361236578], [80.4239196777346, 7.99044609069836], [80.4246063232424, 7.98557090759277], [80.422676086426, 7.9809970855714], [80.4272384643554, 7.96302795410168], [80.4190979003906, 7.95591878891003], [80.4179687500001, 7.95156812667847], [80.426582336426, 7.95119476318371], [80.4301757812501, 7.94887685775768], [80.4484710693359, 7.95626783370983], [80.4505615234375, 7.9530930519104], [80.4520111083987, 7.95467710494989], [80.4557342529297, 7.94877576828009], [80.4603576660157, 7.94725179672241], [80.4629516601564, 7.9167680740357], [80.4684906005859, 7.90064096450806], [80.4740600585938, 7.89699697494518], [80.4794006347657, 7.88021278381348], [80.4743499755859, 7.85823488235474], [80.4681167602539, 7.85014915466309], [80.47762298584, 7.84315681457514], [80.4774551391602, 7.83109521865845], [80.4806518554687, 7.8284587860108], [80.4825363159181, 7.82255983352661], [80.4990692138674, 7.81505489349365], [80.5010833740236, 7.81993913650507], [80.4999313354494, 7.82606077194225], [80.5078353881838, 7.82822608947765], [80.5244140625001, 7.82732105255133], [80.5652160644532, 7.84891796112061], [80.5691070556643, 7.85499191284191], [80.5703735351563, 7.86244297027588], [80.5759506225587, 7.86835479736334], [80.5902175903321, 7.86718797683727], [80.5930557250977, 7.85810279846197], [80.5998153686526, 7.85576295852661], [80.615921020508, 7.86856412887579], [80.6227645874025, 7.86856889724726], [80.6228790283206, 7.88261079788208], [80.6299133300784, 7.88583612442017], [80.6369857788087, 7.88643980026245], [80.638984680176, 7.88852119445812], [80.6379013061524, 7.893874168396], [80.6345748901367, 7.89455080032354], [80.6324462890628, 7.90015077590937], [80.6425933837892, 7.90960884094244], [80.6540908813477, 7.91524076461792], [80.6552124023439, 7.92506694793701], [80.6529235839845, 7.94665193557751], [80.6564788818362, 7.94833612442028], [80.6587066650393, 7.96009492874146], [80.6685485839845, 7.96343994140636], [80.6823043823242, 7.95668983459473], [80.7058792114261, 7.99182176589966], [80.7130126953125, 7.99153518676769], [80.7190475463868, 7.99901294708263], [80.7439117431641, 8.00604438781733], [80.7504348754883, 8.01129531860352], [80.7561111450197, 8.01235103607183], [80.7555694580079, 8.01716899871826], [80.750068664551, 8.01984691619873], [80.7497100830079, 8.02209568023682], [80.7604293823245, 8.03829860687262], [80.7594833374025, 8.04458236694347], [80.77702331543, 8.06586933135986], [80.7739868164064, 8.06734371185314], [80.7621917724611, 8.06522369384771], [80.7587280273439, 8.06858444213873], [80.7584304809571, 8.09596061706537], [80.7565612792971, 8.10323143005371], [80.758644104004, 8.11136817932129], [80.7583465576173, 8.13699913024902], [80.7610626220705, 8.14102363586437], [80.7593841552735, 8.15054607391363], [80.7854385375976, 8.20412826538086], [80.7878417968752, 8.23124790191662], [80.7944030761718, 8.24878978729254], [80.7939529418946, 8.25377464294434], [80.8044128417969, 8.27845764160162], [80.8127136230468, 8.2804412841798], [80.8991470336916, 8.28092193603521], [80.9042282104495, 8.3075580596925], [80.9114151000977, 8.3264217376709], [80.9242324829102, 8.3369197845459]]]}, "properties": {"electoralDistrictCode": "ANU", "electoralDistrict": "Anuradhapura", "province": "North Central", "aramRegion": null, "district": "Anuradhapura"}}, {"type": "Feature", "geometry": {"type": "Polygon", "coordinates": [[[81.2705154418947, 7.27690076827997], [81.267234802246, 7.28230190277111], [81.2715606689454, 7.29129409790045], [81.2639312744141, 7.30768108367926], [81.2455444335938, 7.32599115371698], [81.2460937500002, 7.33528804779064], [81.2372207641602, 7.34180593490601], [81.2303848266604, 7.33464002609264], [81.2233505249025, 7.33202600479132], [81.2200546264649, 7.33289718627935], [81.2188034057619, 7.34051179885876], [81.214797973633, 7.34368896484381], [81.2146301269533, 7.34784412384045], [81.2096786499025, 7.34933376312256], [81.2037429809572, 7.36797285079962], [81.1981124877932, 7.37535285949713], [81.1937255859377, 7.37764310836803], [81.1944351196289, 7.38529396057135], [81.2013244628907, 7.38770580291742], [81.2009735107424, 7.3962931632995], [81.1942520141602, 7.41241121292126], [81.1943054199219, 7.42129278182983], [81.1920394897464, 7.42328310012829], [81.188674926758, 7.43828201293945], [81.1826324462891, 7.44419193267828], [81.1833419799806, 7.44736719131475], [81.19002532959, 7.45126581192028], [81.1896972656251, 7.45440196990978], [81.1948089599609, 7.45977878570557], [81.1925277709961, 7.46605777740479], [81.1992187500001, 7.47151613235485], [81.1989212036136, 7.50093793869024], [81.2067794799804, 7.51635122299194], [81.2072372436524, 7.53648281097418], [81.2039337158205, 7.55139493942266], [81.2053985595706, 7.55541419982916], [81.2014541625978, 7.55837202072155], [81.1987380981448, 7.56437301635742], [81.1879119873049, 7.57412290573131], [81.1844024658206, 7.57175683975225], [81.1789169311525, 7.57208299636847], [81.1709747314453, 7.5691928863526], [81.1635971069337, 7.56987190246582], [81.1316070556642, 7.55620002746588], [81.1131820678711, 7.5448632240296], [81.0763092041015, 7.51207113266003], [81.0648269653323, 7.51515913009644], [81.0631332397462, 7.51241493225092], [81.0567321777344, 7.51041412353527], [81.0584030151369, 7.5076951980592], [81.0556182861329, 7.50608777999884], [81.0417709350587, 7.50532293319714], [81.0359802246096, 7.52580785751343], [81.0302886962893, 7.53134584426886], [81.0295028686526, 7.53790521621704], [81.021896362305, 7.54194211959839], [81.0155181884766, 7.55294513702393], [81.012748718262, 7.56860685348522], [81.0147399902345, 7.57909393310558], [81.013298034668, 7.59588384628302], [81.0073699951174, 7.60241222381603], [80.9855575561525, 7.61118412017817], [80.9847030639651, 7.61730098724365], [80.9779129028322, 7.62496089935308], [80.9792633056642, 7.61173820495605], [80.97509765625, 7.59757518768311], [80.9771347045898, 7.58524703979498], [80.9731826782227, 7.57775115966808], [80.971733093262, 7.56658983230602], [80.9711456298829, 7.53398513793957], [80.9733352661135, 7.52431201934809], [80.9742507934571, 7.4882020950318], [80.9726867675784, 7.46247720718384], [80.9752197265624, 7.42697477340698], [80.9705047607422, 7.42000818252558], [80.9694595336917, 7.41328907012951], [80.9709777832034, 7.40912485122686], [80.9785690307619, 7.40418577194225], [80.9827270507812, 7.39373588562012], [80.9797286987305, 7.37874889373779], [80.9756088256835, 7.37083292007452], [80.9760665893555, 7.36405277252197], [80.987808227539, 7.33152914047241], [80.9890823364258, 7.31818723678583], [81.0001983642579, 7.29359292984014], [81.0057525634767, 7.26896476745605], [81.011589050293, 7.25403404235851], [81.0128784179688, 7.24133014678955], [81.0165252685549, 7.23340082168585], [81.008155822754, 7.21647405624395], [81.0007400512698, 7.2134308815003], [80.9886550903321, 7.21428823471075], [80.983283996582, 7.21262693405157], [80.9729385375976, 7.19625806808472], [80.9684829711915, 7.19746589660656], [80.9622879028322, 7.19591379165655], [80.9549865722657, 7.19954013824474], [80.9470138549806, 7.20036697387707], [80.9436569213868, 7.19714879989624], [80.9436798095704, 7.193515777588], [80.9498596191406, 7.18490791320812], [80.949935913086, 7.17843484878551], [80.9540939331056, 7.17657279968273], [80.9580078125003, 7.17003202438354], [80.962516784668, 7.15707492828369], [80.960205078125, 7.14643383026123], [80.9619293212891, 7.14214706420904], [80.9530944824218, 7.1450891494751], [80.9502487182619, 7.13863897323614], [80.9521331787111, 7.1343498229981], [80.9511260986329, 7.12980508804333], [80.9601669311525, 7.1273708343507], [80.965934753418, 7.12094879150402], [80.9582138061526, 7.11472177505505], [80.956382751465, 7.10537099838263], [80.9524765014651, 7.1013708114624], [80.9559860229494, 7.09709978103638], [80.9543533325198, 7.09017610549932], [80.96630859375, 7.07773208618175], [80.9594497680664, 7.0742039680481], [80.9568176269532, 7.06314277648931], [80.9423065185547, 7.05430698394775], [80.9394760131838, 7.04281091690063], [80.9304275512697, 7.03817987442017], [80.9289321899414, 7.0303688049317], [80.9301910400392, 7.02006483078009], [80.9207458496094, 6.99090576171869], [80.8996887207031, 6.97730588912975], [80.8928527832033, 6.97853899002081], [80.8761291503907, 6.97373485565191], [80.8678359985351, 6.9780421257019], [80.8634185791018, 6.97816801071167], [80.8580856323245, 6.97199106216436], [80.8479080200196, 6.96619081497198], [80.8366088867188, 6.95581579208385], [80.8332595825198, 6.94612979888916], [80.831611633301, 6.92991209030151], [80.8173828125001, 6.91920185089117], [80.8080902099612, 6.91769123077398], [80.7830352783204, 6.92160892486578], [80.7799835205079, 6.92038917541504], [80.7779006958008, 6.91627502441418], [80.7771453857422, 6.91301584243774], [80.7790908813479, 6.9103732109071], [80.7995223999026, 6.90652322769165], [80.8111724853517, 6.90171003341686], [80.8114395141602, 6.89616918563843], [80.8095855712893, 6.89420700073248], [80.8156433105469, 6.89154195785528], [80.8130035400391, 6.87980890274059], [80.818542480469, 6.88197708129888], [80.8251800537109, 6.8764767646789], [80.8217163085939, 6.86205720901495], [80.8246078491211, 6.85645723342896], [80.8306503295898, 6.85554122924816], [80.8325576782226, 6.84930992126476], [80.8387451171876, 6.8450980186463], [80.8334426879883, 6.83413982391369], [80.8256301879886, 6.83016490936291], [80.8180084228518, 6.83226394653332], [80.8151092529299, 6.82847881317139], [80.8186569213869, 6.81926918029797], [80.8262481689454, 6.81534576416021], [80.8338241577149, 6.81501293182379], [80.8383560180665, 6.81186580657965], [80.8349761962893, 6.80759000778193], [80.8354644775391, 6.80274677276623], [80.8263854980469, 6.79312515258795], [80.8156890869143, 6.7956748008728], [80.8095169067385, 6.79196214675909], [80.8126068115235, 6.78542280197144], [80.8086624145511, 6.77257776260382], [80.8129196166994, 6.76196384429937], [80.8114776611329, 6.75571012496943], [80.8269577026368, 6.76171779632574], [80.8346557617187, 6.74554300308228], [80.8389511108401, 6.74423503875738], [80.8544540405276, 6.74644613265997], [80.8579025268556, 6.74148178100597], [80.8583374023439, 6.73640203475958], [80.8549194335938, 6.73190021514898], [80.8502883911132, 6.73014307022095], [80.8548812866213, 6.71940803527832], [80.842498779297, 6.71873617172247], [80.8379135131838, 6.71427297592157], [80.8335876464844, 6.71415901184093], [80.8323669433593, 6.71187305450445], [80.8210525512698, 6.70870304107666], [80.8118362426758, 6.70363378524792], [80.8122177124024, 6.69778394699108], [80.8255462646484, 6.689621925354], [80.8297042846681, 6.66964292526256], [80.8363037109376, 6.66679716110241], [80.8475646972659, 6.66663885116589], [80.8505859375002, 6.66132879257214], [80.8573837280275, 6.65753698348993], [80.8636322021486, 6.6656317710877], [80.8665542602539, 6.66202211380011], [80.8807525634768, 6.66378116607677], [80.8870239257815, 6.66598510742193], [80.8907394409181, 6.6756467819215], [80.9000320434573, 6.67571020126343], [80.9078598022464, 6.67850923538208], [80.9089279174805, 6.68347120285046], [80.9128799438478, 6.68466520309454], [80.9154052734376, 6.68865394592285], [80.9134445190431, 6.6920628547669], [80.9150390625001, 6.69474983215332], [80.9280166625977, 6.68757295608526], [80.9301452636719, 6.69134998321545], [80.9400787353518, 6.69040393829357], [80.9396057128906, 6.67867279052729], [80.9518966674808, 6.67187023162836], [80.9534301757815, 6.65515899658214], [80.9587478637696, 6.65180492401134], [80.9689331054687, 6.65445995330822], [80.9702224731448, 6.650302886963], [80.976402282715, 6.64498805999762], [80.9796371459963, 6.63529682159418], [80.9767379760743, 6.62282323837275], [80.9790344238281, 6.61705493927002], [80.9813079833986, 6.61625909805292], [80.9843292236331, 6.61955881118786], [80.9909286499023, 6.62059402465815], [80.9992980957033, 6.61502408981329], [80.9996719360353, 6.61008977890015], [80.9949340820312, 6.60025119781506], [80.9989166259767, 6.589928150177], [80.9956359863281, 6.57509994506842], [81.0176696777346, 6.55050802230841], [81.0227355957033, 6.54216909408575], [81.0262985229495, 6.56732797622692], [81.0250778198243, 6.57323122024536], [81.0337753295898, 6.58354902267467], [81.0407714843751, 6.59061384201061], [81.0487060546875, 6.58401203155518], [81.0546798706057, 6.58304500579845], [81.0624237060549, 6.57846879959106], [81.0605850219729, 6.5868930816651], [81.062225341797, 6.59923601150507], [81.0763778686523, 6.61118078231806], [81.0862197875978, 6.6096310615539], [81.0842056274415, 6.61686515808105], [81.0648269653323, 6.63317489624018], [81.0609817504883, 6.65153789520269], [81.0647430419922, 6.69981718063366], [81.0779953002933, 6.70733308792114], [81.0792770385744, 6.71882295608526], [81.0849914550782, 6.72802114486694], [81.0710525512696, 6.73746585845947], [81.0622711181641, 6.73719882965099], [81.0560379028323, 6.73453283309948], [81.0515213012695, 6.7390451431275], [81.0545578002931, 6.74887084960938], [81.0648422241214, 6.76175880432135], [81.0611114501953, 6.78282499313354], [81.0635223388673, 6.78829479217535], [81.0657653808597, 6.81374597549444], [81.0800018310547, 6.81412887573254], [81.0861434936526, 6.80706787109375], [81.0935592651368, 6.80906677246099], [81.0988845825195, 6.8124680519104], [81.0950088500976, 6.81741285324091], [81.0940856933595, 6.82386779785156], [81.0965881347656, 6.82790422439587], [81.105537414551, 6.83085584640509], [81.1185607910157, 6.82925987243664], [81.1315536499024, 6.83329677581798], [81.1374282836915, 6.8387122154237], [81.1381607055664, 6.84045314788818], [81.1329421997071, 6.84788322448736], [81.1246643066407, 6.8535008430481], [81.1179580688477, 6.86197280883795], [81.109962463379, 6.86324501037603], [81.1125640869142, 6.87257480621344], [81.120246887207, 6.87289381027233], [81.1294250488282, 6.87986898422241], [81.1591567993164, 6.89062213897711], [81.1614151000978, 6.89658784866339], [81.1658630371094, 6.89669322967541], [81.1672363281253, 6.90024614334106], [81.1728515625002, 6.90114688873291], [81.1767425537112, 6.90451288223267], [81.1799621582032, 6.92518901824951], [81.1828460693362, 6.92882204055792], [81.1869583129885, 6.92126512527466], [81.2037963867188, 6.92141723632824], [81.2078170776368, 6.92639493942272], [81.2017059326172, 6.93233394622803], [81.2067031860352, 6.9397959709168], [81.209396362305, 6.94225311279308], [81.2209930419924, 6.94256305694591], [81.2264480590822, 6.94570112228399], [81.2271881103515, 6.94886684417736], [81.2227172851565, 6.94982385635387], [81.2211685180665, 6.95215988159185], [81.2202758789065, 6.96019220352173], [81.2225875854493, 6.96310281753551], [81.2257843017579, 6.96210908889765], [81.2343292236329, 6.9657349586488], [81.2345046997071, 6.97806978225714], [81.2318496704102, 6.98863077163708], [81.2368927001954, 6.99245309829723], [81.242301940918, 7.00696182250988], [81.2448272705079, 7.00894117355347], [81.246192932129, 7.02231216430664], [81.2416610717775, 7.0531988143922], [81.2292785644531, 7.08438682556158], [81.2190704345704, 7.08064222335815], [81.2128372192386, 7.09671211242681], [81.2096328735351, 7.09347581863403], [81.2065887451171, 7.09548377990723], [81.199317932129, 7.09372186660767], [81.1912155151368, 7.09458780288696], [81.1889190673829, 7.09339904785162], [81.1876907348634, 7.08590888977062], [81.1814651489258, 7.08470821380627], [81.1752014160157, 7.08668184280396], [81.1687393188479, 7.08411312103283], [81.1589660644531, 7.11417722702032], [81.1480102539064, 7.12805509567261], [81.143867492676, 7.12999677658092], [81.1416473388674, 7.13696002960205], [81.1330490112305, 7.13850021362305], [81.1271057128906, 7.14520311355597], [81.1253128051759, 7.15126085281372], [81.1220779418946, 7.15440416336065], [81.1238708496094, 7.16452407836925], [81.1370697021487, 7.17753696441656], [81.140396118164, 7.18831777572632], [81.1520614624025, 7.1947741508485], [81.154411315918, 7.19361877441418], [81.1603469848635, 7.17849922180176], [81.1643753051761, 7.17350101470947], [81.1688461303713, 7.17317295074469], [81.1748199462891, 7.16929578781139], [81.1852645874025, 7.17254400253296], [81.187110900879, 7.17563199996954], [81.1865463256837, 7.18186807632458], [81.1906051635744, 7.18639183044434], [81.1886520385742, 7.19108200073237], [81.199806213379, 7.19509792327892], [81.2069244384768, 7.20154809951788], [81.2247390747072, 7.22962188720709], [81.2359237670901, 7.23948907852179], [81.2354507446289, 7.24703693389893], [81.2307891845704, 7.26013803482056], [81.2315444946292, 7.26762914657598], [81.2446289062501, 7.26881694793713], [81.2645568847657, 7.27868318557751], [81.2705154418947, 7.27690076827997]]]}, "properties": {"electoralDistrictCode": "BAD", "electoralDistrict": "Badulla", "province": "Uva", "aramRegion": "hill-country", "district": "Badulla"}}, {"type": "Feature", "geometry": {"type": "MultiPolygon", "coordinates": [[[[81.8170852661136, 7.46624898910528], [81.8162536621094, 7.4759721755982], [81.8090286254885, 7.49458312988293], [81.807914733887, 7.4931950569154], [81.8157272338868, 7.46793079376226], [81.8170852661136, 7.46624898910528]]], [[[81.8051376342775, 7.4959712028504], [81.8029174804688, 7.49430513381958], [81.802635192871, 7.48930501937872], [81.8037490844729, 7.48069381713873], [81.8056945800783, 7.48013782501226], [81.8101425170899, 7.48375082015991], [81.8051376342775, 7.4959712028504]]], [[[81.728469848633, 7.64263820648193], [81.7256927490235, 7.64152812957775], [81.7273635864258, 7.63625001907354], [81.7287521362305, 7.63652801513666], [81.728469848633, 7.64263820648193]]], [[[81.7031936645508, 7.65680503845221], [81.6976394653323, 7.65291690826427], [81.7015304565431, 7.64791679382336], [81.7048645019532, 7.64902687072754], [81.7031936645508, 7.65680503845221]]], [[[81.6643066406253, 7.70319509506237], [81.6587524414063, 7.70152711868292], [81.6590270996095, 7.69847297668463], [81.6618041992188, 7.69624996185303], [81.6662521362304, 7.70152711868292], [81.6643066406253, 7.70319509506237]]], [[[81.699028015137, 7.70375108718883], [81.6942901611328, 7.70291519165045], [81.6918029785157, 7.6998610496521], [81.689582824707, 7.68958377838129], [81.6945800781251, 7.67125082015991], [81.7001419067383, 7.67347288131725], [81.7026367187503, 7.68041706085211], [81.7079162597657, 7.6834712028504], [81.7093048095706, 7.68736219406122], [81.7068023681643, 7.6998610496521], [81.7040100097657, 7.7015700340271], [81.7006912231448, 7.70013904571545], [81.699028015137, 7.70375108718883]]], [[[81.6965255737308, 7.71513986587536], [81.6906967163088, 7.71347188949591], [81.6884689331055, 7.70902681350702], [81.6851425170898, 7.71097087860119], [81.6898574829104, 7.70319509506237], [81.6981964111329, 7.70541715621948], [81.7026367187503, 7.71124887466436], [81.6965255737308, 7.71513986587536]]], [[[81.6929168701175, 7.756250858307], [81.6915283203126, 7.75597286224365], [81.7076416015624, 7.73069477081293], [81.7109756469727, 7.73013877868647], [81.7079162597657, 7.71124887466436], [81.7118072509768, 7.69819498062128], [81.7268066406251, 7.66761493682861], [81.7254180908205, 7.66125011444092], [81.7209701538089, 7.65958404541027], [81.7209701538089, 7.65652704238886], [81.7257385253909, 7.65238809585583], [81.7337493896487, 7.63819408416748], [81.7370834350586, 7.63959598541271], [81.7440261840823, 7.63847208023083], [81.7473602294924, 7.64097213745129], [81.7484741210939, 7.63680601120001], [81.7512512207032, 7.63569402694708], [81.7506942749026, 7.63208389282227], [81.7556915283204, 7.61430597305304], [81.7620849609376, 7.60430622100836], [81.7654190063478, 7.59291696548456], [81.7720870971683, 7.58541584014893], [81.7801361083986, 7.58374977111811], [81.7745819091798, 7.57847213745117], [81.7768020629885, 7.56958293914801], [81.7718048095704, 7.5559720993042], [81.7765274047853, 7.54890680313122], [81.7756958007815, 7.53819513320929], [81.7815246582031, 7.52986001968389], [81.7829132080079, 7.51874923706049], [81.7806930541992, 7.51486110687256], [81.7715301513673, 7.51097297668463], [81.769584655762, 7.50347185134899], [81.7703475952151, 7.49988222122198], [81.7731933593751, 7.49986219406122], [81.7770843505861, 7.50319385528564], [81.7815246582031, 7.49791812896729], [81.7823638916018, 7.50263786315918], [81.7879180908206, 7.501527786255], [81.7887496948244, 7.49069499969477], [81.7870864868165, 7.48847293853765], [81.7826385498049, 7.48930501937872], [81.7837524414062, 7.49124908447266], [81.7781982421876, 7.49902820587164], [81.7734756469728, 7.49374914169312], [81.7731933593751, 7.49041700363165], [81.7818069458011, 7.4820818901062], [81.7848587036136, 7.48152780532831], [81.7862472534181, 7.4776377677918], [81.7976379394534, 7.47513818740839], [81.7995834350585, 7.4776377677918], [81.7979202270508, 7.48263788223267], [81.7993087768557, 7.49458312988293], [81.8048629760745, 7.49875020980846], [81.8087463378908, 7.49736213684082], [81.8093032836913, 7.49902820587164], [81.8065261840821, 7.50458383560192], [81.807914733887, 7.51485919952398], [81.8059692382813, 7.52902793884283], [81.8006973266604, 7.53930521011364], [81.802085876465, 7.54208278656017], [81.7995834350585, 7.54263877868647], [81.8006973266604, 7.54736089706421], [81.7993087768557, 7.54708290100109], [81.7968063354493, 7.55458402633673], [81.7984695434572, 7.55764007568359], [81.7962493896487, 7.56069421768194], [81.7951354980472, 7.571527004242], [81.7859725952149, 7.59569501876837], [81.7834701538088, 7.60874986648571], [81.7565307617188, 7.66291618347174], [81.7256927490235, 7.71013879776001], [81.7131958007814, 7.725417137146], [81.7104187011721, 7.73541688919067], [81.7073593139649, 7.73624897003174], [81.708190917969, 7.73986196517939], [81.7065277099611, 7.74264001846319], [81.6929168701175, 7.756250858307]]], [[[81.5109710693362, 7.80875110626221], [81.5081939697266, 7.80763912200928], [81.5095825195315, 7.80541610717785], [81.5109710693362, 7.80875110626221]]], [[[81.5243072509768, 7.93180608749401], [81.5226364135742, 7.93180608749401], [81.5218048095704, 7.9284720420838], [81.5293045043945, 7.92819309234613], [81.5243072509768, 7.93180608749401]]], [[[81.463752746582, 8.11013889312756], [81.464584350586, 8.11263942718506], [81.461524963379, 8.11069488525385], [81.463752746582, 8.11013889312756]]], [[[81.3895797729493, 8.14486217498791], [81.3870849609375, 8.14375019073492], [81.3890304565432, 8.1429176330567], [81.3895797729493, 8.14486217498791]]], [[[81.4040298461916, 8.26311683654797], [81.4011306762695, 8.26099967956543], [81.4000396728516, 8.24914073944097], [81.3930892944339, 8.25077629089361], [81.3927307128907, 8.25309753417974], [81.3951110839844, 8.2549991607666], [81.3914108276367, 8.26190662384033], [81.38533782959, 8.2588033676148], [81.3852996826171, 8.25409221649176], [81.3776397705081, 8.25699329376221], [81.3739547729493, 8.25300693511957], [81.3640441894534, 8.25687885284435], [81.3593368530276, 8.25461959838862], [81.3543701171878, 8.25709819793701], [81.3538360595703, 8.26043224334722], [81.3566436767581, 8.26511383056646], [81.3526229858399, 8.26816082000732], [81.3433609008791, 8.26311492919922], [81.328094482422, 8.26443195343018], [81.3169555664063, 8.25559806823742], [81.3099746704103, 8.25265598297119], [81.3140945434571, 8.23975086212153], [81.3062896728518, 8.0294618606568], [81.3320312500003, 7.97038888931269], [81.339973449707, 7.95705413818365], [81.3399200439455, 7.9374561309815], [81.3349380493165, 7.93805313110352], [81.3280792236328, 7.93515205383301], [81.3164596557619, 7.94039392471313], [81.3078613281249, 7.93745994567865], [81.298049926758, 7.94607782363892], [81.2892074584963, 7.94660377502447], [81.2777099609376, 7.94055318832397], [81.2746505737308, 7.9368109703064], [81.2670059204104, 7.93707799911505], [81.2627410888672, 7.94001293182384], [81.2529754638674, 7.93633508682245], [81.2472457885744, 7.92858600616461], [81.2367858886719, 7.91978597640991], [81.2383804321292, 7.90258693695063], [81.2358627319337, 7.89494514465338], [81.2369232177736, 7.88867616653454], [81.2288589477542, 7.87609481811529], [81.2277603149413, 7.86707210540783], [81.2314376831055, 7.86130094528204], [81.2326583862308, 7.8435368537904], [81.2248764038087, 7.82350778579706], [81.2298736572267, 7.79512214660645], [81.2269363403323, 7.7809858322143], [81.2305984497071, 7.77097415924084], [81.2373886108399, 7.76049709320063], [81.2358779907229, 7.75680685043346], [81.2370529174808, 7.74842214584362], [81.2412338256837, 7.73917818069458], [81.2513580322268, 7.73610305786138], [81.2544174194339, 7.73090219497686], [81.2631988525393, 7.73587322235113], [81.32430267334, 7.73462390899664], [81.3285140991211, 7.72999095916754], [81.3286514282226, 7.71953582763672], [81.3386459350587, 7.70658397674572], [81.3456802368164, 7.70240592956549], [81.363639831543, 7.67680501937872], [81.3677978515627, 7.66731500625616], [81.3833694458011, 7.65676021575928], [81.445571899414, 7.64206409454346], [81.4428558349612, 7.63388013839727], [81.4475250244142, 7.61971187591564], [81.4408187866213, 7.60646390914923], [81.4426422119141, 7.59880781173717], [81.4335784912111, 7.58091020584118], [81.4334716796877, 7.57002019882202], [81.4520339965823, 7.54284620285034], [81.4991455078128, 7.52168178558344], [81.4994201660156, 7.51981115341198], [81.4943008422852, 7.5152850151062], [81.5168151855469, 7.50919294357311], [81.6191558837892, 7.50820302963263], [81.636116027832, 7.51927280426025], [81.6496047973636, 7.52519893646246], [81.6459274291993, 7.51631307601923], [81.6483917236328, 7.51057195663458], [81.6480255126954, 7.50256299972534], [81.6544494628908, 7.49152898788458], [81.6541137695312, 7.48003101348888], [81.6605529785158, 7.47252988815308], [81.6572723388673, 7.46130609512335], [81.6605529785158, 7.4473958015443], [81.6596069335939, 7.42132711410517], [81.6628341674806, 7.41414785385132], [81.6610412597657, 7.40373706817638], [81.6635971069338, 7.39879608154303], [81.6702804565431, 7.40124082565313], [81.6740570068361, 7.4139771461488], [81.6904449462893, 7.42093515396118], [81.7185058593751, 7.44662094116222], [81.7245635986331, 7.455141067505], [81.749038696289, 7.45526599884028], [81.7520523071292, 7.45689296722412], [81.7509689331056, 7.45791721344], [81.7554168701172, 7.46097278594982], [81.7598648071292, 7.47013998031628], [81.7598648071292, 7.47898721694952], [81.7679138183593, 7.47791576385492], [81.7693023681641, 7.48347282409679], [81.7676391601565, 7.48652887344372], [81.7615280151368, 7.48763895034784], [81.7590255737305, 7.49291706085211], [81.7545852661135, 7.49347114562994], [81.7529144287109, 7.50263786315918], [81.7473602294924, 7.50819396972656], [81.751274108887, 7.50880289077753], [81.7556915283204, 7.50402784347546], [81.7670822143555, 7.501527786255], [81.7668075561525, 7.50765895843512], [81.7690277099612, 7.51180505752563], [81.7798614501954, 7.51652717590338], [81.7818069458011, 7.52041721343994], [81.7804183959963, 7.52180480957037], [81.7793045043948, 7.51986122131342], [81.7751388549808, 7.52013921737677], [81.7720870971683, 7.52236080169683], [81.7720870971683, 7.52652788162237], [81.7662506103516, 7.53402805328375], [81.7598648071292, 7.5323600769043], [81.7579193115237, 7.5351381301881], [81.7548599243166, 7.53541612625122], [81.7487487792969, 7.5323600769043], [81.7476425170901, 7.52819395065302], [81.7443084716799, 7.52874994277954], [81.7395858764649, 7.53875112533575], [81.7393035888671, 7.54374885559082], [81.7406845092775, 7.54654502868658], [81.7454147338867, 7.54763889312756], [81.7545852661135, 7.53986120223993], [81.7556915283204, 7.53680706024181], [81.7643051147463, 7.53430604934687], [81.7670211791992, 7.53741121292114], [81.769584655762, 7.53680706024181], [81.770690917969, 7.55124998092663], [81.7679138183593, 7.55541610717773], [81.7654190063478, 7.55569410324108], [81.7654190063478, 7.5604162216186], [81.7620849609376, 7.56097221374512], [81.7584686279297, 7.55875015258795], [81.7579116821291, 7.55397987365734], [81.7556915283204, 7.55236196517939], [81.7495803833011, 7.5559720993042], [81.7490310668945, 7.56042814254755], [81.7445831298829, 7.56347322464001], [81.7473602294924, 7.56541681289673], [81.7518081665041, 7.56180620193487], [81.7523574829102, 7.56347322464001], [81.7604141235352, 7.56569480896007], [81.7620849609376, 7.57180500030512], [81.7643051147463, 7.57458305358892], [81.7693023681641, 7.5759711265564], [81.770690917969, 7.57986211776739], [81.7631912231447, 7.58319377899164], [81.7556915283204, 7.59013795852667], [81.7490310668945, 7.59041595458984], [81.7487487792969, 7.59347295761103], [81.7540283203127, 7.59486103057873], [81.755142211914, 7.59819507598877], [81.7398605346681, 7.62430477142328], [81.7345809936525, 7.62714195251459], [81.7345809936525, 7.62486076354975], [81.73152923584, 7.62597322463995], [81.727912902832, 7.62402677536016], [81.7306976318362, 7.62902688980103], [81.7254180908205, 7.6340279579162], [81.7218017578127, 7.64819478988653], [81.7162475585939, 7.64513921737682], [81.7112503051759, 7.63458395004272], [81.7043075561524, 7.6412501335144], [81.6984710693361, 7.63124895095837], [81.699028015137, 7.6218051910401], [81.7051391601565, 7.61013793945318], [81.7006912231448, 7.61041593551636], [81.6993026733398, 7.61597204208368], [81.6898574829104, 7.62847089767456], [81.6893081665042, 7.63319396972662], [81.6934738159183, 7.63430595397955], [81.6931915283205, 7.63875007629395], [81.6865310668945, 7.63958215713501], [81.6898574829104, 7.64708280563354], [81.6884689331055, 7.65208292007446], [81.6918029785157, 7.65041685104381], [81.6929168701175, 7.65458297729492], [81.6962509155273, 7.65402698516846], [81.6970825195313, 7.65624904632574], [81.6856918334962, 7.679027080536], [81.6734695434573, 7.68124914169312], [81.6670837402344, 7.67819499969477], [81.6648635864261, 7.68374919891357], [81.6648635864261, 7.68625020980829], [81.6673583984378, 7.6870841979981], [81.6656951904299, 7.68847179412853], [81.6665267944337, 7.69041585922253], [81.6609725952148, 7.69541597366339], [81.6520843505862, 7.69902896881109], [81.6515274047854, 7.70680522918695], [81.6462478637697, 7.70819520950323], [81.6523590087892, 7.71513986587536], [81.655975341797, 7.71486186981201], [81.6579132080078, 7.72097206115728], [81.6545867919925, 7.72180604934687], [81.6518020629885, 7.71874999999994], [81.6434707641604, 7.7226381301881], [81.6345825195314, 7.72236013412476], [81.6231918334963, 7.72930479049688], [81.6201400756838, 7.73430490493774], [81.6159744262696, 7.73374891281128], [81.6152038574219, 7.71902990341187], [81.6126403808595, 7.71569395065308], [81.6095809936526, 7.71597194671637], [81.6093063354493, 7.71208381652843], [81.5998611450196, 7.71513986587536], [81.5970840454102, 7.71930599212646], [81.5915298461916, 7.71930599212646], [81.5893020629885, 7.72347211837769], [81.5787506103517, 7.72486019134521], [81.5809707641604, 7.73254823684692], [81.5798645019533, 7.74264001846319], [81.5881958007815, 7.74965286254888], [81.5848617553711, 7.75486087799072], [81.5904159545899, 7.75513887405407], [81.5887527465821, 7.759027004242], [81.595413208008, 7.75847291946411], [81.5962524414062, 7.76069498062139], [81.5940246582031, 7.76236104965204], [81.5959701538087, 7.76374912261974], [81.595413208008, 7.76847219467157], [81.6001358032227, 7.76791620254511], [81.5995864868165, 7.77069377899164], [81.6020812988284, 7.77152776718145], [81.6168060302737, 7.76625013351446], [81.627639770508, 7.75486087799072], [81.6395797729494, 7.74680614471447], [81.6423645019534, 7.74985980987555], [81.6523590087892, 7.74763822555548], [81.6531982421877, 7.74402809143066], [81.6579132080078, 7.74125003814709], [81.6597976684572, 7.73709678649908], [81.6673583984378, 7.73319482803339], [81.6643066406253, 7.72236013412476], [81.6668090820314, 7.71208381652843], [81.6709747314456, 7.70486116409302], [81.6709747314456, 7.69347190856945], [81.673194885254, 7.69180583953863], [81.6795806884768, 7.69041585922253], [81.6843032836915, 7.69208383560192], [81.6879196166994, 7.70180511474609], [81.6831588745118, 7.71015501022333], [81.682357788086, 7.7087488174439], [81.6793060302735, 7.70986080169683], [81.6829147338867, 7.71930599212646], [81.6776351928712, 7.72319412231457], [81.6773605346681, 7.72902679443371], [81.6851425170898, 7.7279171943664], [81.6893081665042, 7.7198600769043], [81.69596862793, 7.71763992309582], [81.6998596191408, 7.71374988555908], [81.7037506103518, 7.71597194671637], [81.7065277099611, 7.72597312927246], [81.6920852661133, 7.74652814865112], [81.6865310668945, 7.7495818138122], [81.687080383301, 7.75486087799072], [81.6834716796875, 7.75569486618053], [81.6840286254885, 7.75791692733765], [81.6795806884768, 7.75763893127447], [81.6784744262697, 7.76013898849493], [81.6756973266602, 7.75930500030512], [81.6734695434573, 7.76236104965204], [81.6665267944337, 7.76514005661011], [81.6645812988283, 7.7690281867981], [81.6501388549805, 7.77735996246338], [81.6406936645507, 7.7870831489563], [81.6268081665041, 7.81013917922974], [81.6204147338868, 7.82819414138794], [81.6129150390625, 7.82152795791626], [81.6020812988284, 7.82513999938965], [81.6006927490234, 7.82402801513666], [81.582084655762, 7.84236097335821], [81.568473815918, 7.86958312988293], [81.5640258789062, 7.8873610496521], [81.5634689331056, 7.90124988555908], [81.5662536621097, 7.91347312927246], [81.5693054199222, 7.91847276687628], [81.5806961059571, 7.91847276687628], [81.5831909179688, 7.92069482803339], [81.5740280151368, 7.92736577987677], [81.5654144287109, 7.92541790008545], [81.5623626708984, 7.92763996124273], [81.5604171752931, 7.93291616439819], [81.5618057250977, 7.9390292167663], [81.5573577880861, 7.94291687011719], [81.5534744262698, 7.9420828819276], [81.5512466430663, 7.93291616439819], [81.5459747314454, 7.93180608749401], [81.540969848633, 7.92736196517944], [81.5301361083984, 7.92791509628302], [81.5234756469727, 7.9243049621582], [81.5209732055664, 7.91958284378063], [81.5195846557617, 7.92152690887463], [81.5256958007814, 7.92680597305292], [81.5215301513674, 7.92708396911627], [81.5162506103518, 7.92263889312756], [81.5156936645508, 7.91819477081299], [81.5195846557617, 7.90680599212646], [81.5173645019532, 7.90236186981201], [81.5162506103518, 7.90374994277954], [81.5129165649416, 7.90263986587536], [81.5134735107421, 7.89930486679083], [81.5184707641603, 7.89652681350702], [81.5184707641603, 7.88819503784191], [81.520690917969, 7.88402795791637], [81.5190277099611, 7.8798618316651], [81.5237503051761, 7.87486219406128], [81.5251388549806, 7.86458301544184], [81.5345840454102, 7.85735988616955], [81.5387496948243, 7.84764003753673], [81.540969848633, 7.84652805328381], [81.544303894043, 7.84819412231445], [81.5445861816408, 7.84430503845221], [81.5412521362305, 7.84208297729492], [81.5509719848635, 7.83180713653564], [81.5506973266603, 7.82680606842047], [81.5473632812501, 7.82263994216919], [81.547920227051, 7.81319522857666], [81.5454177856446, 7.81152677536016], [81.5470809936525, 7.80958318710327], [81.5456924438478, 7.80819511413574], [81.5412521362305, 7.81041717529303], [81.5329132080079, 7.81902694702148], [81.5290298461916, 7.81986188888561], [81.5309753417972, 7.81458282470709], [81.5265274047852, 7.8123607635498], [81.5231933593751, 7.81374883651745], [81.5151367187503, 7.80541610717785], [81.5095825195315, 7.80347204208368], [81.5043029785157, 7.8073611259461], [81.5109710693362, 7.81319522857666], [81.5134735107421, 7.81902694702148], [81.5143051147461, 7.82319402694708], [81.5112533569336, 7.82569408416748], [81.5126419067383, 7.83097219467174], [81.5323638916015, 7.826250076294], [81.5315246582032, 7.83180713653564], [81.535972595215, 7.83319520950312], [81.5390243530275, 7.83097219467174], [81.5401382446292, 7.82597208023083], [81.5473632812501, 7.82791614532482], [81.5456924438478, 7.83208179473883], [81.5398635864258, 7.8345828056336], [81.5395812988284, 7.84097290039074], [81.5301361083984, 7.85791587829601], [81.5279159545901, 7.85875082015991], [81.5231933593751, 7.85569381713873], [81.5173645019532, 7.85847187042231], [81.5209732055664, 7.86041688919079], [81.5176391601565, 7.86625099182129], [81.5237503051761, 7.86486101150518], [81.5245819091799, 7.86680507659918], [81.5220870971681, 7.8745841979981], [81.5176391601565, 7.87847185134899], [81.5190277099611, 7.88235998153692], [81.5173645019532, 7.88763904571545], [81.5179138183594, 7.89541721343994], [81.5151367187503, 7.89763879776001], [81.5165252685546, 7.8945832252503], [81.5137481689454, 7.89541721343994], [81.5129165649416, 7.89347314834595], [81.5106964111329, 7.90152788162243], [81.5181961059573, 7.90930604934687], [81.5131912231446, 7.92041683197027], [81.520690917969, 7.93236207962048], [81.5254135131838, 7.93402814865112], [81.5287475585939, 7.9309720993042], [81.5368041992188, 7.93208408355719], [81.5456924438478, 7.93652820587158], [81.549858093262, 7.94152879714972], [81.544860839844, 7.94680500030518], [81.5390243530275, 7.96458387374884], [81.5429153442383, 7.97852611541754], [81.553192138672, 7.98513984680181], [81.5534744262698, 7.98958396911621], [81.5515289306641, 7.99291610717768], [81.5456924438478, 7.99541711807262], [81.5504150390626, 7.99152803421021], [81.5487518310548, 7.98652791976929], [81.5445861816408, 7.98652791976929], [81.544303894043, 7.99263811111456], [81.5420837402343, 7.98708391189575], [81.5390243530275, 7.98736000061035], [81.5340270996097, 7.98402786254883], [81.5279159545901, 7.98430585861217], [81.520690917969, 7.98930597305309], [81.5173339843752, 7.99625110626221], [81.50846862793, 7.99708318710327], [81.4887466430664, 8.01513767242443], [81.4751358032226, 8.03736209869385], [81.4626388549805, 8.06986236572277], [81.4568023681643, 8.09375], [81.4568023681643, 8.101806640625], [81.4598617553712, 8.11013889312756], [81.4534759521485, 8.11347103118902], [81.4481964111331, 8.1193056106568], [81.4395828247073, 8.13680458068853], [81.4456939697266, 8.121250152588], [81.4468078613282, 8.11263942718506], [81.4437484741212, 8.11013889312756], [81.4440307617189, 8.11791801452637], [81.4404144287111, 8.11430454254162], [81.4406967163087, 8.11041736602795], [81.4437484741212, 8.10819530487066], [81.4415283203128, 8.09847164154047], [81.4376373291016, 8.09458446502686], [81.4370803833008, 8.08763980865473], [81.4340286254883, 8.09402847290039], [81.4304199218752, 8.09597206115728], [81.4204177856447, 8.09569358825689], [81.419303894043, 8.09930419921875], [81.4134750366214, 8.1020822525025], [81.4134750366214, 8.10569477081299], [81.4084701538087, 8.10680484771734], [81.4059753417969, 8.11625003814692], [81.4081954956054, 8.12458419799805], [81.4048614501955, 8.12875080108637], [81.4048614501955, 8.13319492340099], [81.4012527465821, 8.13486099243164], [81.3968048095703, 8.13263893127453], [81.3937530517578, 8.13902664184565], [81.385971069336, 8.14236164093018], [81.3865280151368, 8.14791584014898], [81.3818054199219, 8.15291595458984], [81.3829193115235, 8.16597080230719], [81.3801422119142, 8.16791534423822], [81.3870849609375, 8.17986011505121], [81.3848648071292, 8.18513870239269], [81.3837509155276, 8.18097209930414], [81.3815307617189, 8.18041610717768], [81.380973815918, 8.1820821762085], [81.385696411133, 8.19402694702148], [81.3884735107422, 8.19430541992188], [81.3920822143557, 8.18958282470709], [81.3968048095703, 8.19458293914801], [81.3993072509766, 8.19319534301752], [81.4006958007815, 8.18875122070312], [81.4026412963868, 8.15513801574718], [81.4101409912111, 8.13402652740479], [81.4234924316408, 8.11154460906977], [81.427360534668, 8.09986019134521], [81.4340286254883, 8.09680557250982], [81.4401397705079, 8.10097217559814], [81.4404144287111, 8.10375118255621], [81.4381942749023, 8.10458278656], [81.4393081665041, 8.11652755737299], [81.4423599243166, 8.12208366394054], [81.436248779297, 8.13597106933599], [81.4393081665041, 8.14152717590332], [81.43180847168, 8.1637487411499], [81.4337463378906, 8.17791557312017], [81.4268035888674, 8.18486118316656], [81.4215240478517, 8.201250076294], [81.4226379394534, 8.20680427551275], [81.4143066406252, 8.21791744232178], [81.4101409912111, 8.23902893066418], [81.4068069458011, 8.24458312988293], [81.407913208008, 8.2495841979981], [81.4040298461916, 8.26311683654797]]]]}, "properties": {"electoralDistrictCode": "BAT", "electoralDistrict": "Batticaloa", "province": "Eastern", "aramRegion": "eastern", "district": "Batticaloa"}}, {"type": "Feature", "geometry": {"type": "Polygon", "coordinates": [[[80.1795272827148, 6.97781705856329], [80.1703186035156, 6.97936677932745], [80.1687316894532, 6.97177886962902], [80.166343688965, 6.97004699707037], [80.1513824462893, 6.97335910797131], [80.1239318847659, 6.97404718399059], [80.1216888427734, 6.96579217910772], [80.1098785400392, 6.96315002441412], [80.1101303100587, 6.96002101898193], [80.1061782836917, 6.9541339874267], [80.0990982055666, 6.95163917541515], [80.0943450927735, 6.93801593780518], [80.0957336425782, 6.92690515518194], [80.0932006835938, 6.9182329177857], [80.0937271118165, 6.91137504577637], [80.0895385742188, 6.91283893585205], [80.084655761719, 6.90902280807506], [80.0786666870118, 6.9106850624085], [80.0752182006837, 6.90758991241461], [80.0653533935547, 6.91282320022589], [80.0605239868164, 6.90704298019421], [80.0551147460937, 6.9075369834901], [80.053421020508, 6.91298723220837], [80.0458145141603, 6.9138708114624], [80.0305557250978, 6.92327880859381], [80.0207977294924, 6.92449378967291], [80.0189361572266, 6.93234777450573], [80.0141906738282, 6.93918085098261], [80.0147399902344, 6.94582176208507], [80.0111618041994, 6.9460501670838], [80.0016784667972, 6.94152784347546], [79.9944534301759, 6.94347476959229], [79.9867706298829, 6.9353199005127], [79.9825592041018, 6.93806219100964], [79.9721450805663, 6.93720006942749], [79.9560470581057, 6.94276618957525], [79.9443359375002, 6.93837404251104], [79.9435195922853, 6.94252395629894], [79.9345245361331, 6.94993114471447], [79.9265365600589, 6.94857120513927], [79.9221496582034, 6.95243215560919], [79.9159317016602, 6.94608020782476], [79.9123611450198, 6.94689989089977], [79.9101943969728, 6.95060205459606], [79.8997955322266, 6.94729518890387], [79.8961639404297, 6.95136117935186], [79.8999938964847, 6.95369386672985], [79.8992843627929, 6.95565414428722], [79.8840560913088, 6.95396995544439], [79.8782653808597, 6.95779180526733], [79.8777389526367, 6.96389293670649], [79.8837280273438, 6.97253799438477], [79.8824768066409, 6.97700977325445], [79.8766403198242, 6.97917985916132], [79.8695831298828, 6.97737503051763], [79.8679199218752, 6.96847200393677], [79.8620834350587, 6.96402788162237], [79.8587493896485, 6.96430587768555], [79.8534698486331, 6.96124982833862], [79.8534698486331, 6.95958423614502], [79.8559722900392, 6.95930576324463], [79.8531951904297, 6.95819282531738], [79.8554153442382, 6.95513916015631], [79.8479156494141, 6.939027786255], [79.8473587036136, 6.94263792037958], [79.8440246582031, 6.94041585922247], [79.8456954956054, 6.94569492340099], [79.8459701538087, 6.95347309112549], [79.8445816040041, 6.95347309112549], [79.8398590087891, 6.935694217682], [79.845413208008, 6.9234728813172], [79.8574371337893, 6.87405490875244], [79.8620834350587, 6.84708309173584], [79.8626403808597, 6.83541584014893], [79.8609695434572, 6.83291578292847], [79.8631973266604, 6.82236099243175], [79.8798599243166, 6.77014017105103], [79.9023590087892, 6.71541786193853], [79.9035568237305, 6.72415113449091], [79.8963241577149, 6.74612379074097], [79.8932952880862, 6.76301717758184], [79.8861618041994, 6.77198600769049], [79.8886184692385, 6.77588081359869], [79.8961486816409, 6.77437400817865], [79.9131927490236, 6.76429986953735], [79.9188995361331, 6.75765895843506], [79.9199523925781, 6.75447320938116], [79.9170837402344, 6.75217819213879], [79.9200057983399, 6.74882984161377], [79.9283752441407, 6.74724578857428], [79.9447860717776, 6.74832820892334], [79.9483184814455, 6.75041818618786], [79.9513092041018, 6.76260185241699], [79.9592742919922, 6.75814199447626], [79.9691848754883, 6.76076078414923], [79.9787216186524, 6.75808477401733], [79.9837112426758, 6.76190280914307], [79.9886779785157, 6.76237678527838], [79.9975433349611, 6.77036285400402], [80.0041427612308, 6.7708621025086], [80.0052490234377, 6.77779722213756], [80.0093994140625, 6.77745819091808], [80.0164184570314, 6.78387594223034], [80.0143508911133, 6.78720998764044], [80.0194778442385, 6.78723287582403], [80.0269470214844, 6.79119205474865], [80.0324249267578, 6.79619884490978], [80.0366134643554, 6.80597019195557], [80.0424957275393, 6.80398178100592], [80.0440139770511, 6.79909086227423], [80.0486221313478, 6.79537582397467], [80.0623397827151, 6.79024791717535], [80.065368652344, 6.79243898391729], [80.0653228759766, 6.79587316513062], [80.0681762695313, 6.79581022262573], [80.0766220092776, 6.8150959014892], [80.0821990966796, 6.81722688674932], [80.0862731933594, 6.8145899772644], [80.0912322998047, 6.81449794769287], [80.0928497314456, 6.80644607543951], [80.097854614258, 6.80373191833507], [80.0981674194339, 6.79485702514654], [80.1031875610351, 6.780839920044], [80.1087875366212, 6.77258300781256], [80.1116256713867, 6.77076005935669], [80.1202926635745, 6.77064323425299], [80.1240005493166, 6.77376317977911], [80.1245574951174, 6.78227376937872], [80.1209106445314, 6.79545879364025], [80.1155014038088, 6.80380201339727], [80.1166229248047, 6.80612707138062], [80.1223907470706, 6.80780506134039], [80.1359786987306, 6.81682777404785], [80.1429672241213, 6.81869411468506], [80.1495590209963, 6.82491588592535], [80.1588287353518, 6.82300376892084], [80.1642456054689, 6.81494092941278], [80.1713790893557, 6.81568622589123], [80.1745223999023, 6.81929111480713], [80.1784362792971, 6.81737899780285], [80.1796493530275, 6.81357479095465], [80.1984405517579, 6.81366014480591], [80.2025985717775, 6.81741809844982], [80.202247619629, 6.8318271636964], [80.198616027832, 6.83495998382574], [80.1988525390627, 6.83981990814203], [80.1947402954101, 6.85082817077648], [80.1899795532228, 6.8560791015625], [80.1881103515625, 6.85466384887695], [80.1770324707033, 6.85916280746466], [80.1814422607422, 6.86763620376593], [80.1836166381839, 6.88649892807018], [80.1906433105471, 6.89273214340216], [80.190742492676, 6.89943981170654], [80.1960754394531, 6.90423917770397], [80.2008972167969, 6.90364503860479], [80.1995697021484, 6.90835285186773], [80.2101211547852, 6.91764116287231], [80.2113723754885, 6.92428016662603], [80.2080459594729, 6.9375119209289], [80.2198333740237, 6.93591690063477], [80.2235107421878, 6.94187879562384], [80.2232971191409, 6.94982385635387], [80.2180786132813, 6.95699691772472], [80.2184677124024, 6.97294378280645], [80.2076873779298, 6.97872400283813], [80.2001495361329, 6.97567892074591], [80.1899566650392, 6.97793483734131], [80.1850357055666, 6.97429323196423], [80.1795272827148, 6.97781705856329]]]}, "properties": {"electoralDistrictCode": "COL", "electoralDistrict": "Colombo", "province": "Western", "aramRegion": "western", "district": "Colombo"}}, {"type": "Feature", "geometry": {"type": "Polygon", "coordinates": [[[80.3818969726562, 6.42586183547979], [80.3765106201171, 6.42862701416016], [80.3681182861328, 6.42715692520147], [80.3572769165041, 6.41885423660278], [80.3518524169925, 6.41972208023071], [80.3463668823242, 6.41558599472052], [80.3333587646487, 6.41075420379633], [80.3231658935547, 6.40191793441772], [80.3190307617188, 6.40142822265631], [80.3123016357422, 6.39643001556402], [80.3046798706055, 6.39548206329351], [80.3006134033205, 6.39696979522711], [80.2906265258792, 6.39203977584839], [80.2910308837893, 6.36980676651012], [80.3020935058597, 6.34037208557129], [80.2984313964844, 6.32492208480841], [80.2939605712892, 6.32634878158569], [80.2758636474609, 6.34893894195557], [80.2680664062501, 6.35063505172729], [80.2554016113283, 6.36413908004755], [80.2494277954104, 6.36677980422985], [80.2425079345704, 6.37554788589483], [80.2160415649417, 6.37984704971319], [80.212585449219, 6.37126398086554], [80.2074356079104, 6.37217712402344], [80.2076644897464, 6.35914993286133], [80.19108581543, 6.35419082641602], [80.1848068237306, 6.35804891586304], [80.1713943481446, 6.35917282104498], [80.1548309326175, 6.36665678024292], [80.1314163208007, 6.36575508117676], [80.1236877441407, 6.37047481536865], [80.1119842529299, 6.38667011260992], [80.0881271362306, 6.40118885040289], [80.0820465087892, 6.40165996551514], [80.0712051391602, 6.3968648910523], [80.0621795654296, 6.4079580307008], [80.0571365356448, 6.40854978561413], [80.0393218994142, 6.41946983337402], [80.028923034668, 6.41982507705688], [80.0254669189455, 6.42461395263666], [80.0239639282227, 6.43137979507446], [80.0160598754885, 6.43560409545898], [80.0125274658206, 6.43696212768555], [80.007637023926, 6.43579483032227], [80.004264831543, 6.42861986160284], [79.9986572265624, 6.42612504959112], [79.9890289306641, 6.43955278396618], [79.9943084716799, 6.42875003814703], [79.9945831298829, 6.41680479049683], [80.0046463012696, 6.3985037803651], [80.0037536621097, 6.39486217498785], [80.0090255737305, 6.38291692733765], [80.0084686279297, 6.37569379806519], [80.0156936645508, 6.35652923583984], [80.0248641967774, 6.34375], [80.0331954956056, 6.34375], [80.0251388549808, 6.34152793884283], [80.0206909179688, 6.3476381301881], [80.0293045043946, 6.32958316802984], [80.0306930541993, 6.32124996185303], [80.0281982421878, 6.3134708404541], [80.0343017578128, 6.30652713775646], [80.0379791259767, 6.29540491104137], [80.0362472534181, 6.2856960296632], [80.0337524414062, 6.28430509567266], [80.0356979370119, 6.27319478988653], [80.0334701538087, 6.27263784408575], [80.032913208008, 6.26875019073486], [80.0368041992187, 6.26263999938965], [80.0379180908206, 6.25513887405401], [80.0529174804688, 6.23458385467529], [80.0529174804688, 6.22708320617676], [80.0640258789065, 6.20291709899914], [80.0618057250978, 6.19319486618053], [80.0884704589847, 6.16736078262335], [80.0920867919925, 6.15597200393682], [80.0987472534183, 6.14902687072765], [80.1001358032226, 6.13097190856945], [80.110694885254, 6.12374877929693], [80.122917175293, 6.11180400848394], [80.1254196166994, 6.10597181320185], [80.1231918334962, 6.10125017166138], [80.1254196166994, 6.10152816772467], [80.1418075561524, 6.08930492401129], [80.1512832641603, 6.07794094085699], [80.1759719848633, 6.06208276748663], [80.1790313720704, 6.05847311019909], [80.1770858764649, 6.05680704116821], [80.1823577880861, 6.0498619079591], [80.1865310668945, 6.04847192764282], [80.1940307617188, 6.0412487983703], [80.2059707641603, 6.03791713714611], [80.2115249633788, 6.03347301483166], [80.2118072509766, 6.03097295761103], [80.216247558594, 6.03125095367437], [80.2137527465823, 6.03013801574713], [80.2137527465823, 6.02680587768566], [80.2168045043948, 6.02402782440191], [80.2201385498049, 6.02597188949585], [80.2179183959963, 6.02930688858038], [80.2184753417969, 6.03291702270519], [80.2237472534181, 6.03652715682983], [80.2313079833987, 6.0346031188966], [80.2312469482422, 6.03208303451538], [80.2268066406252, 6.03208303451538], [80.2290267944339, 6.0304160118103], [80.2351379394534, 6.03013801574713], [80.2356948852542, 6.03291702270519], [80.2387466430667, 6.0326390266419], [80.2426376342775, 6.02791595458984], [80.240135192871, 6.02569389343273], [80.2398605346682, 6.01930618286138], [80.2348632812501, 6.01764011383057], [80.2370834350585, 6.01152706146246], [80.2426376342775, 6.00569486618053], [80.2443084716798, 6.00569486618053], [80.2456970214845, 6.00930500030512], [80.2498626708984, 6.00986099243158], [80.2565307617187, 6.00291585922247], [80.2634735107422, 5.99902820587158], [80.3148574829104, 5.99180603027355], [80.3323593139651, 5.98319482803356], [80.3637466430666, 5.97236013412476], [80.3706970214846, 5.96736192703247], [80.3848648071292, 5.96486186981201], [80.3854675292968, 5.97189521789551], [80.3818664550783, 5.98325204849255], [80.3867111206055, 5.99224281311047], [80.3905944824222, 6.00791883468639], [80.3987350463869, 6.01314496994019], [80.4111251831055, 6.01160717010498], [80.4123229980472, 6.01546478271496], [80.4232864379883, 6.01868104934704], [80.4168777465821, 6.02848577499384], [80.4139175415041, 6.02911281585699], [80.4121093750001, 6.03225994110113], [80.3962860107425, 6.03090381622314], [80.3915786743163, 6.0339097976684], [80.3893051147463, 6.05461883544922], [80.3942337036134, 6.05763196945196], [80.3990783691406, 6.05156517028814], [80.4047012329104, 6.05293416976934], [80.409408569336, 6.06141996383678], [80.4108428955078, 6.06907510757452], [80.427490234375, 6.08303499221802], [80.4366760253907, 6.08638477325439], [80.4388809204101, 6.09367609024048], [80.4229431152344, 6.1043839454652], [80.4237823486331, 6.10831499099731], [80.4205627441406, 6.11058521270746], [80.4129180908204, 6.10971021652227], [80.4060974121095, 6.1140451431275], [80.4052581787112, 6.11995506286615], [80.4003753662111, 6.12839412689209], [80.3894195556643, 6.13272905349731], [80.3862304687499, 6.13790988922131], [80.3825302124026, 6.15339422225964], [80.3846511840823, 6.16521120071423], [80.3856353759768, 6.1669158935548], [80.3912887573243, 6.16605710983282], [80.3961334228517, 6.17161798477184], [80.3909149169924, 6.17756891250605], [80.3917922973635, 6.17941713333136], [80.3878784179688, 6.18618392944342], [80.4031066894532, 6.19039392471313], [80.3978500366212, 6.2050919532777], [80.3922424316407, 6.2134308815003], [80.3867950439454, 6.21617984771729], [80.3833770751953, 6.22100877761835], [80.3844833374026, 6.22262477874756], [80.3868865966797, 6.21968698501587], [80.3927307128908, 6.22156476974482], [80.4078216552736, 6.21659183502197], [80.4157791137696, 6.21716022491466], [80.4207611083984, 6.21411895751959], [80.4267349243164, 6.21417903900158], [80.4399642944339, 6.22601413726812], [80.4355163574219, 6.23662090301508], [80.4409561157228, 6.23854494094854], [80.4412536621094, 6.24049377441418], [80.43522644043, 6.24833822250366], [80.4360351562502, 6.25212192535406], [80.4391784667971, 6.25462579727167], [80.4218978881835, 6.27271413803112], [80.4226303100589, 6.2761049270631], [80.4148712158205, 6.28534507751465], [80.4131927490234, 6.29286813735956], [80.3935317993164, 6.30336284637463], [80.3863906860354, 6.31010723114014], [80.3775024414064, 6.32507705688482], [80.3855438232422, 6.33131694793707], [80.3927612304689, 6.32912492752087], [80.3989562988284, 6.33358287811285], [80.4046325683594, 6.33373498916637], [80.4143524169922, 6.32330417633068], [80.4291381835939, 6.31551980972301], [80.4326477050781, 6.30755901336681], [80.4461135864259, 6.30134582519543], [80.4538269042969, 6.28810214996338], [80.4612884521485, 6.28950023651123], [80.4674453735354, 6.28187417984009], [80.4751434326174, 6.28038978576666], [80.4800720214843, 6.2862429618836], [80.4857330322266, 6.28451013565069], [80.4868621826174, 6.29193115234381], [80.4957427978517, 6.29963302612305], [80.4854888916016, 6.32126379013056], [80.4783630371093, 6.32341289520264], [80.4751815795898, 6.33023500442505], [80.4643554687502, 6.3386540412904], [80.4640579223632, 6.34421014785772], [80.4605255126954, 6.35151481628412], [80.4647598266604, 6.35181093215942], [80.4781188964847, 6.3651900291444], [80.482421875, 6.3667259216308], [80.4882659912111, 6.36391782760631], [80.4953079223636, 6.36757802963257], [80.4939422607425, 6.37766599655163], [80.4910049438477, 6.38012695312511], [80.4812850952148, 6.3809609413147], [80.4720611572265, 6.37823820114147], [80.4652328491213, 6.38595914840704], [80.4513015747072, 6.38772296905512], [80.440528869629, 6.39466619491589], [80.4315261840821, 6.38934612274181], [80.4190673828127, 6.39239120483404], [80.3858642578127, 6.42029476165777], [80.3818969726562, 6.42586183547979]]]}, "properties": {"electoralDistrictCode": "GAL", "electoralDistrict": "Galle", "province": "Southern", "aramRegion": null, "district": "Galle"}}, {"type": "Feature", "geometry": {"type": "MultiPolygon", "coordinates": [[[[79.8301391601563, 7.196527004242], [79.8287506103517, 7.19347286224365], [79.8315277099612, 7.19069480896007], [79.8301391601563, 7.196527004242]]], [[[80.1936264038088, 7.25722503662109], [80.1885070800781, 7.2620267868042], [80.1832580566409, 7.25977516174322], [80.1743698120119, 7.27505683898931], [80.1690521240234, 7.27874183654797], [80.1682128906251, 7.28294992446911], [80.1636352539064, 7.28727817535412], [80.1583862304688, 7.28834390640259], [80.1524505615234, 7.29585886001593], [80.145690917969, 7.29930877685541], [80.1432876586914, 7.30413722991949], [80.1482391357424, 7.31149816513067], [80.1381988525393, 7.32210493087763], [80.124320983887, 7.33059978485113], [80.1168518066407, 7.32355213165289], [80.1075820922853, 7.31953191757214], [80.1006317138672, 7.31111478805553], [80.0875167846683, 7.30367612838756], [80.0823440551761, 7.30396986007685], [80.0795288085937, 7.29633522033691], [80.0588455200198, 7.28399991989147], [80.0525283813477, 7.28461122512829], [80.0511550903322, 7.29082393646246], [80.0462188720703, 7.29491710662847], [80.0446624755861, 7.29976081848145], [80.0359497070313, 7.30333423614508], [80.0288238525392, 7.30170202255249], [80.0274124145511, 7.30781316757202], [80.0221710205078, 7.3110170364381], [80.0254745483401, 7.31623601913458], [80.0133132934573, 7.31336879730236], [80.0080642700195, 7.31550884246832], [80.0051651000978, 7.3192448616029], [80.0020523071292, 7.31315279006964], [79.9967193603518, 7.31296396255493], [79.9866867065431, 7.30538320541382], [79.9926300048829, 7.30249977111822], [79.9793472290042, 7.29925012588512], [79.9756851196291, 7.29146718978882], [79.9715576171876, 7.29189300537109], [79.9655380249023, 7.28803396224976], [79.9561233520507, 7.29285717010509], [79.9556732177735, 7.28915977478022], [79.9505691528323, 7.289146900177], [79.9497375488282, 7.28525781631475], [79.9542846679688, 7.28014421463024], [79.9464492797852, 7.27894496917725], [79.9450836181642, 7.27272510528576], [79.9412918090822, 7.27447795867926], [79.9378967285157, 7.27858686447155], [79.9320602416995, 7.2771167755127], [79.9257888793946, 7.28282213211054], [79.9242248535159, 7.2781219482423], [79.9143524169921, 7.27664995193487], [79.9160766601562, 7.27089786529552], [79.9146194458008, 7.26939821243286], [79.9068908691409, 7.26714420318604], [79.9095840454101, 7.27440977096563], [79.9094314575197, 7.28036499023443], [79.9074172973633, 7.28091382980347], [79.9046936035156, 7.27564716339111], [79.9013519287112, 7.28087615966797], [79.8992767333986, 7.28084087371838], [79.8972702026368, 7.2751870155335], [79.8889846801757, 7.27415180206305], [79.8801727294925, 7.28223180770874], [79.8763122558596, 7.28337621688843], [79.8708267211917, 7.28016519546509], [79.8692474365235, 7.27426576614386], [79.8620223999024, 7.27020883560181], [79.8547668457034, 7.27716493606579], [79.8506164550784, 7.27323818206793], [79.8440093994142, 7.27371215820324], [79.8498611450198, 7.27180480957043], [79.8423614501955, 7.27097320556646], [79.8393020629883, 7.2245831489563], [79.8359756469728, 7.2154169082641], [79.8284759521487, 7.20736217498785], [79.8326416015627, 7.20069599151611], [79.832359313965, 7.18875122070312], [79.8340301513675, 7.18847322464001], [79.835418701172, 7.19125080108654], [79.8368072509766, 7.18875122070312], [79.8379135131838, 7.19458293914801], [79.8434753417969, 7.19486093521112], [79.8481979370119, 7.19930505752575], [79.8543090820314, 7.19236087799072], [79.8540267944339, 7.18958282470709], [79.8581924438479, 7.18347215652466], [79.8573608398439, 7.18152809143066], [79.8662490844729, 7.16791677474981], [79.8701400756838, 7.15236186981201], [79.8659744262695, 7.15486001968384], [79.8679199218752, 7.13819503784191], [79.8712463378906, 7.13235998153692], [79.86930847168, 7.12375020980846], [79.8718032836915, 7.12097215652472], [79.8706970214845, 7.11513900756847], [79.8681945800781, 7.11597108840948], [79.8673629760743, 7.11236095428472], [79.8623580932618, 7.11708307266247], [79.8623580932618, 7.12569379806519], [79.8579177856447, 7.11708307266247], [79.8587493896485, 7.11180496215826], [79.8548583984377, 7.11152887344366], [79.8518066406252, 7.1070818901062], [79.845413208008, 7.11180496215826], [79.8476409912111, 7.12014007568365], [79.8390274047853, 7.1306939125061], [79.8387527465821, 7.14569282531738], [79.8326416015627, 7.15152788162237], [79.8326416015627, 7.15902900695801], [79.8298645019531, 7.16180515289318], [79.8256912231447, 7.17986202240002], [79.823196411133, 7.18208408355713], [79.8306961059571, 7.20152807235718], [79.8256912231447, 7.20847177505499], [79.8190307617189, 7.20736217498785], [79.8170852661132, 7.20208406448364], [79.8284072875977, 7.1515321731568], [79.8423614501955, 7.11152887344366], [79.8518066406252, 7.06541776657116], [79.8681945800781, 7.00152921676647], [79.8695831298828, 6.97737503051763], [79.8766403198242, 6.97917985916132], [79.8824768066409, 6.97700977325445], [79.8837280273438, 6.97253799438477], [79.8777389526367, 6.96389293670649], [79.8782653808597, 6.95779180526733], [79.8840560913088, 6.95396995544439], [79.8992843627929, 6.95565414428722], [79.8999938964847, 6.95369386672985], [79.8961639404297, 6.95136117935186], [79.8997955322266, 6.94729518890387], [79.9101943969728, 6.95060205459606], [79.9123611450198, 6.94689989089977], [79.9159317016602, 6.94608020782476], [79.9221496582034, 6.95243215560919], [79.9265365600589, 6.94857120513927], [79.9345245361331, 6.94993114471447], [79.9435195922853, 6.94252395629894], [79.9443359375002, 6.93837404251104], [79.9560470581057, 6.94276618957525], [79.9721450805663, 6.93720006942749], [79.9825592041018, 6.93806219100964], [79.9867706298829, 6.9353199005127], [79.9944534301759, 6.94347476959229], [80.0016784667972, 6.94152784347546], [80.0111618041994, 6.9460501670838], [80.0147399902344, 6.94582176208507], [80.0141906738282, 6.93918085098261], [80.0189361572266, 6.93234777450573], [80.0207977294924, 6.92449378967291], [80.0305557250978, 6.92327880859381], [80.0458145141603, 6.9138708114624], [80.053421020508, 6.91298723220837], [80.0551147460937, 6.9075369834901], [80.0605239868164, 6.90704298019421], [80.0653533935547, 6.91282320022589], [80.0752182006837, 6.90758991241461], [80.0786666870118, 6.9106850624085], [80.084655761719, 6.90902280807506], [80.0895385742188, 6.91283893585205], [80.0937271118165, 6.91137504577637], [80.0932006835938, 6.9182329177857], [80.0957336425782, 6.92690515518194], [80.0943450927735, 6.93801593780518], [80.0990982055666, 6.95163917541515], [80.1061782836917, 6.9541339874267], [80.1101303100587, 6.96002101898193], [80.1098785400392, 6.96315002441412], [80.1216888427734, 6.96579217910772], [80.1239318847659, 6.97404718399059], [80.1513824462893, 6.97335910797131], [80.166343688965, 6.97004699707037], [80.1687316894532, 6.97177886962902], [80.1703186035156, 6.97936677932745], [80.1795272827148, 6.97781705856329], [80.1827087402345, 6.98331403732311], [80.1825027465823, 6.99470996856689], [80.174186706543, 7.0098290443421], [80.1663970947266, 7.04561185836803], [80.1673889160157, 7.04973888397217], [80.1642379760744, 7.0586462020874], [80.1675109863281, 7.06562709808361], [80.1736755371096, 7.0707921981811], [80.1808013916017, 7.09185791015625], [80.1847000122071, 7.09351015090954], [80.1853179931641, 7.10086488723761], [80.1912078857422, 7.09890890121466], [80.1938552856446, 7.10044288635254], [80.1952667236331, 7.10854101181036], [80.1991958618165, 7.1149110794068], [80.2078018188477, 7.12111520767218], [80.2065658569335, 7.12708377838146], [80.208435058594, 7.12945890426641], [80.202217102051, 7.1342949867248], [80.1739730834963, 7.13353919982916], [80.1698532104494, 7.12744379043579], [80.1668167114258, 7.12809181213373], [80.1659393310546, 7.12432003021246], [80.1620101928712, 7.12342405319225], [80.1535949707031, 7.14777612686163], [80.1554260253907, 7.16602277755749], [80.1539459228517, 7.17466592788696], [80.1511993408206, 7.18183612823492], [80.1453247070314, 7.18728303909307], [80.1492767333985, 7.18558979034424], [80.1519851684573, 7.186598777771], [80.1569366455081, 7.18259191513073], [80.1623306274416, 7.19209384918224], [80.1649856567382, 7.19028186798107], [80.1682434082033, 7.19300985336315], [80.1790161132815, 7.19121217727661], [80.184005737305, 7.19318819046026], [80.1825942993164, 7.20245981216442], [80.1862335205079, 7.22034406661993], [80.1835632324219, 7.23377513885492], [80.1883239746094, 7.23805093765264], [80.1963500976563, 7.24090576171886], [80.1985244750979, 7.24459409713745], [80.1936264038088, 7.25722503662109]]]]}, "properties": {"electoralDistrictCode": "GAM", "electoralDistrict": "Gampaha", "province": "Western", "aramRegion": "western", "district": "Gampaha"}}, {"type": "Feature", "geometry": {"type": "Polygon", "coordinates": [[[81.7031936645508, 6.51327419281], [81.6854248046876, 6.51381206512451], [81.6730499267579, 6.52229309082031], [81.6684036254883, 6.53351306915283], [81.6635742187501, 6.53904008865362], [81.6559982299806, 6.54047584533691], [81.6509704589847, 6.54493618011469], [81.6425247192385, 6.541335105896], [81.6380081176759, 6.54222106933599], [81.6304626464844, 6.55575704574596], [81.6208419799806, 6.56383514404308], [81.6189041137698, 6.57128000259405], [81.6131668090821, 6.57252311706554], [81.6081008911135, 6.57884883880627], [81.6048660278322, 6.5688009262085], [81.5997238159181, 6.56126594543457], [81.5936050415041, 6.56258821487427], [81.588722229004, 6.56084012985229], [81.5867004394532, 6.55551290512091], [81.5810928344727, 6.55075883865368], [81.5652313232422, 6.55451107025146], [81.5469360351563, 6.53645277023327], [81.5390319824218, 6.53815078735363], [81.53288269043, 6.53586721420294], [81.5239868164064, 6.51967191696173], [81.5021133422852, 6.51071214675915], [81.4903717041018, 6.50235319137579], [81.487258911133, 6.49799013137823], [81.4821014404297, 6.49584817886353], [81.478370666504, 6.48680019378662], [81.4805221557619, 6.4772391319276], [81.4792938232425, 6.47309494018566], [81.4861679077151, 6.46429109573359], [81.4841842651368, 6.4579439163208], [81.47624206543, 6.44882488250738], [81.4791412353515, 6.43948316574102], [81.4778900146485, 6.42884397506714], [81.4797973632813, 6.41928291320812], [81.4720764160157, 6.40813493728638], [81.4667282104493, 6.40712785720837], [81.4610137939454, 6.41333389282232], [81.4481430053712, 6.41374397277843], [81.4449005126954, 6.41818380355841], [81.4396972656252, 6.41989278793341], [81.4370269775392, 6.41930818557739], [81.4363555908204, 6.41675519943243], [81.4275665283205, 6.41805601120006], [81.4243850708009, 6.41234922409069], [81.420379638672, 6.41182518005371], [81.4199371337893, 6.40924119949352], [81.4007797241213, 6.4063987731933], [81.3987503051758, 6.41385793685924], [81.3933258056642, 6.41469001770031], [81.383987426758, 6.39847421646124], [81.3732604980472, 6.39811182022095], [81.3672637939454, 6.39056777954096], [81.3519592285158, 6.38975000381475], [81.3405761718751, 6.38221883773804], [81.3320617675784, 6.37976884841919], [81.3273696899414, 6.3822917938233], [81.3169860839847, 6.37533187866211], [81.312469482422, 6.38001489639288], [81.2980194091797, 6.37350606918341], [81.2890853881838, 6.37303876876831], [81.278419494629, 6.36909580230724], [81.275459289551, 6.36632204055786], [81.2734985351565, 6.3550701141358], [81.2630767822267, 6.34610605239868], [81.2535171508791, 6.34083700180054], [81.2457427978516, 6.34337615966797], [81.2353134155274, 6.34140491485596], [81.2296676635742, 6.34481620788586], [81.2255783081057, 6.344714164734], [81.2210845947265, 6.34951591491705], [81.2243652343752, 6.35776376724243], [81.2109909057619, 6.36720418930054], [81.2035446166994, 6.37841081619263], [81.2033843994142, 6.38327217102045], [81.1974716186525, 6.38681602478027], [81.1964645385743, 6.39074277877813], [81.1915664672852, 6.39500522613531], [81.1902160644533, 6.40171718597412], [81.1842651367187, 6.40548181533825], [81.181411743164, 6.40626907348633], [81.1766738891603, 6.4031867980957], [81.1701126098636, 6.40282011032116], [81.1651382446292, 6.39312982559204], [81.1568908691407, 6.39257097244268], [81.1504592895511, 6.39900684356689], [81.1478500366213, 6.39890289306641], [81.1467590332031, 6.39650678634644], [81.14461517334, 6.39752817153942], [81.142272949219, 6.40946912765503], [81.1378402709963, 6.4144167900086], [81.1368637084962, 6.42105579376232], [81.1104888916017, 6.4209299087525], [81.1012344360352, 6.41828918457043], [81.0890960693359, 6.4241299629212], [81.0738372802734, 6.42248916625982], [81.0709075927735, 6.42380189895641], [81.0672912597659, 6.41388607025158], [81.06160736084, 6.41131877899181], [81.0545501708986, 6.41529178619379], [81.0506210327148, 6.42204904556274], [81.0490646362306, 6.42177820205688], [81.0512313842774, 6.41744613647472], [81.0487518310547, 6.41335201263428], [81.0494384765627, 6.40679788589478], [81.0370178222656, 6.39129495620722], [81.0132293701172, 6.39599418640137], [81.0082702636719, 6.38777589797985], [81.0074615478515, 6.36918687820446], [81.0150375366214, 6.36870193481451], [81.0225524902345, 6.35891723632818], [81.0181732177736, 6.34469795227062], [80.9825134277345, 6.32831287384039], [80.9679489135745, 6.32539081573486], [80.9653015136718, 6.31966400146496], [80.9560623168948, 6.31372404098522], [80.9291687011721, 6.30334520339972], [80.9199142456054, 6.29580593109142], [80.9271087646487, 6.29131078720104], [80.9319915771484, 6.28485012054449], [80.9343643188479, 6.28054523468018], [80.9349365234378, 6.27131223678589], [80.941261291504, 6.27058315277105], [80.9424819946289, 6.2578377723695], [80.946891784668, 6.2530398368836], [80.9476623535157, 6.24506092071528], [80.952690124512, 6.23876094818127], [80.9505004882813, 6.23484086990362], [80.9442138671876, 6.23449277877808], [80.939682006836, 6.22794914245605], [80.9347839355468, 6.23174381256115], [80.9310913085938, 6.2400741577149], [80.9103546142579, 6.23806381225592], [80.8925704956055, 6.24907922744762], [80.8819885253908, 6.24635076522827], [80.8691787719726, 6.26671981811535], [80.8579330444338, 6.27199983596813], [80.8455581665041, 6.26924705505382], [80.8316192626955, 6.26909399032598], [80.8246383666993, 6.26544284820562], [80.7980194091798, 6.26709318161011], [80.7871398925782, 6.26995420455933], [80.7830963134768, 6.27477598190313], [80.7709579467775, 6.27964878082287], [80.7597656250001, 6.28109884262096], [80.7411422729495, 6.28961086273193], [80.7323913574222, 6.29656505584717], [80.7219772338867, 6.30004692077637], [80.7118072509767, 6.30077695846569], [80.7039871215821, 6.30650615692144], [80.6953048706055, 6.30826616287237], [80.6700592041017, 6.30602788925171], [80.6566772460939, 6.30260181427013], [80.6633911132814, 6.29306411743175], [80.6636199951172, 6.28728580474865], [80.6543045043946, 6.2765040397644], [80.6527328491213, 6.27096080780029], [80.6622772216797, 6.26145219802851], [80.6449813842776, 6.25693321228027], [80.6385498046878, 6.25262498855602], [80.62850189209, 6.23995113372797], [80.6251449584963, 6.23044681549084], [80.625213623047, 6.22449588775646], [80.6109924316407, 6.20720720291143], [80.6082687377931, 6.19956684112555], [80.6118392944339, 6.19250917434692], [80.6114807128907, 6.18854999542248], [80.6192855834964, 6.18261003494268], [80.628776550293, 6.18131399154674], [80.6348037719728, 6.17678499221807], [80.6353683471681, 6.17096376419067], [80.6370849609377, 6.17004489898682], [80.6518173217774, 6.16931581497198], [80.6601562500002, 6.17361879348749], [80.6622772216797, 6.16638517379761], [80.6559906005859, 6.15620183944708], [80.6568145751954, 6.15230178833019], [80.6550903320315, 6.14871978759771], [80.6465606689456, 6.14080381393433], [80.6480712890628, 6.13341093063354], [80.6540756225586, 6.1328701972962], [80.660499572754, 6.12850379943848], [80.6637649536135, 6.11921787261974], [80.6870727539062, 6.1238222122193], [80.6941070556642, 6.1206631660462], [80.6959762573243, 6.11550998687744], [80.6841964721681, 6.10876178741461], [80.6801528930663, 6.10211086273193], [80.683433532715, 6.09545803070074], [80.6820449829103, 6.08950519561773], [80.6936721801761, 6.0757479667663], [80.6937484741211, 6.07372713088989], [80.6904144287112, 6.07168912887585], [80.6932983398439, 6.06892204284674], [80.6921157836917, 6.06323385238653], [80.6879043579102, 6.05956697463989], [80.6830139160156, 6.06291484832764], [80.6777420043945, 6.06042814254772], [80.6723937988281, 6.05450677871715], [80.6615295410156, 6.05235099792486], [80.6550369262695, 6.04314279556286], [80.6638107299805, 6.03893089294434], [80.666603088379, 6.02526283264154], [80.6917419433597, 6.02651882171625], [80.6948471069335, 6.0204610824585], [80.6985549926758, 6.01849412918091], [80.6970138549805, 6.01264810562145], [80.6868743896486, 6.00858879089355], [80.6895904541016, 5.99474287033092], [80.6883163452151, 5.99066781997686], [80.698356628418, 5.9909811019898], [80.6998291015627, 5.9936900138855], [80.7029190063477, 5.99318218231213], [80.7126541137696, 5.98822307586681], [80.7240905761719, 5.97880077362061], [80.7265243530275, 5.98041677474981], [80.7315292358398, 5.97930717468267], [80.7356948852541, 5.97652912139893], [80.7345809936523, 5.97208404541021], [80.7373580932618, 5.97180604934704], [80.7390289306641, 5.97597217559814], [80.7362518310549, 5.98208284378063], [80.7387466430666, 5.98236083984375], [80.7398605346679, 5.98708295822149], [80.7490310668947, 5.98874902725214], [80.7456970214844, 5.98930501937866], [80.7451400756839, 5.99125003814709], [80.7481918334964, 5.99819421768194], [80.7554168701174, 6.00180578231812], [80.764862060547, 6.00069379806513], [80.7668075561523, 6.00486087799072], [80.7704162597658, 6.002359867096], [80.7734756469727, 6.006250858307], [80.7801361083986, 6.00541687011719], [80.7806930541994, 6.00930500030512], [80.786560058594, 6.01180696487432], [80.7865295410159, 6.01541709899914], [80.789863586426, 6.01597118377686], [80.7904129028322, 6.01875019073492], [80.8001403808595, 6.02097177505499], [80.7979202270508, 6.02819395065319], [80.8059692382813, 6.03680515289312], [80.8054199218753, 6.03819513320923], [80.8073577880861, 6.0370831489563], [80.8181915283206, 6.04208278656012], [80.83708190918, 6.04541778564464], [80.8398590087891, 6.04402685165411], [80.8520812988282, 6.04624986648571], [80.8615264892579, 6.04263877868658], [80.8665313720705, 6.04680585861217], [80.8656921386722, 6.05124998092657], [80.8698577880862, 6.05791711807257], [80.8787536621095, 6.06180477142328], [80.8915252685549, 6.0631952285766], [80.8884735107424, 6.06736087799084], [80.8926391601562, 6.06597280502314], [80.8937530517581, 6.0631952285766], [80.902359008789, 6.06347322463995], [80.924026489258, 6.07375001907354], [80.9306945800784, 6.07597208023083], [80.9359741210939, 6.07541608810436], [80.9337463378909, 6.08263778686529], [80.9365310668947, 6.087082862854], [80.9362487792969, 6.0806941986084], [80.9465255737307, 6.08541679382336], [80.972640991211, 6.08819484710693], [80.9779129028322, 6.087082862854], [80.9851379394531, 6.09263896942139], [80.9901351928713, 6.09180498123175], [80.9901351928713, 6.09541702270513], [80.9951400756837, 6.09958410263073], [81.0154190063479, 6.1043062210083], [81.0145797729492, 6.10819387435919], [81.0170822143555, 6.10541582107555], [81.0215301513675, 6.10513782501226], [81.0509719848635, 6.10624980926519], [81.0559692382812, 6.11125087738037], [81.0701370239258, 6.10958194732666], [81.0762481689454, 6.11236095428472], [81.0943069458008, 6.11541700363165], [81.0959701538088, 6.11430501937872], [81.098747253418, 6.11875104904169], [81.1015243530275, 6.11958312988293], [81.131248474121, 6.12124919891357], [81.1268081665042, 6.12374877929693], [81.1301422119142, 6.13208389282238], [81.1376419067385, 6.13569402694702], [81.1448593139649, 6.13569402694702], [81.1506958007812, 6.14236116409302], [81.1684722900392, 6.14569520950323], [81.178192138672, 6.15597200393682], [81.1837463378906, 6.15791606903082], [81.1843032836916, 6.15986013412476], [81.1798629760743, 6.16041612625122], [81.1754150390627, 6.16791677474981], [81.178192138672, 6.17569494247448], [81.1740264892578, 6.17597103118902], [81.1726379394531, 6.17930603027355], [81.1751403808595, 6.1781959533692], [81.177917480469, 6.18291616439819], [81.1834716796878, 6.18319416046148], [81.182083129883, 6.18513822555548], [81.1831970214844, 6.18819379806519], [81.1812515258791, 6.18902778625494], [81.1854171752929, 6.18958187103283], [81.1856918334962, 6.19347286224365], [81.1879196166994, 6.19291687011719], [81.1870803833011, 6.18874979019165], [81.1887512207032, 6.18597221374512], [81.1848602294924, 6.18458414077759], [81.1851425170901, 6.18264007568365], [81.1968078613284, 6.18402814865112], [81.2054138183597, 6.17458295822155], [81.2023620605472, 6.17291688919067], [81.2001419067385, 6.17652702331549], [81.2009735107424, 6.17263889312756], [81.1979141235354, 6.16402912139893], [81.1926422119142, 6.16347217559814], [81.189308166504, 6.15986013412476], [81.2095870971683, 6.16458177566528], [81.2259750366212, 6.16458177566528], [81.2259750366212, 6.17041683197027], [81.2329177856447, 6.17291688919067], [81.2323608398439, 6.17736101150513], [81.2409744262695, 6.18152809143066], [81.2693023681643, 6.18430614471447], [81.2804183959963, 6.19152879714972], [81.2923583984378, 6.19319486618053], [81.294860839844, 6.19652891159058], [81.3245849609376, 6.19902706146246], [81.3248596191408, 6.20458316802979], [81.3376388549806, 6.21347188949585], [81.3365249633789, 6.21652793884277], [81.3401412963869, 6.22375106811529], [81.3601379394533, 6.23208379745489], [81.3665313720705, 6.23152685165411], [81.3679199218753, 6.23402786254883], [81.3731918334962, 6.23513984680181], [81.3740310668946, 6.24097204208368], [81.3795852661132, 6.24513816833496], [81.3873596191409, 6.24791717529303], [81.3912506103517, 6.24736118316656], [81.4009704589845, 6.25263881683355], [81.4018020629883, 6.25152683258062], [81.4040298461916, 6.25652694702148], [81.4087524414064, 6.25874900817877], [81.4112472534179, 6.26319408416748], [81.4165267944339, 6.26458406448376], [81.4201354980469, 6.274582862854], [81.4279174804688, 6.27902698516846], [81.4262466430665, 6.28041696548473], [81.4279174804688, 6.28541803359991], [81.4331970214845, 6.28986215591431], [81.4354171752933, 6.2884721755982], [81.4373626708986, 6.29069423675531], [81.4359741210938, 6.29291582107538], [81.4401397705079, 6.29708385467524], [81.4487533569337, 6.29902887344372], [81.4579162597659, 6.30486106872564], [81.4673614501955, 6.30597305297857], [81.4712524414063, 6.3084712028504], [81.4715270996095, 6.31041717529297], [81.468475341797, 6.31208276748657], [81.470138549805, 6.3134708404541], [81.473197937012, 6.30958318710339], [81.4781951904296, 6.3098611831665], [81.4776382446291, 6.31180477142345], [81.4815292358399, 6.31041717529297], [81.4845809936524, 6.3173618316651], [81.4826354980469, 6.31847190856945], [81.4837493896486, 6.32347202301031], [81.4873580932619, 6.32680702209467], [81.494857788086, 6.32847309112549], [81.4945831298829, 6.33180522918701], [81.5015258789062, 6.33736085891729], [81.4976425170898, 6.34013986587536], [81.4981918334964, 6.34402799606329], [81.5056915283205, 6.35208177566528], [81.5243072509768, 6.36263895034801], [81.5343017578127, 6.36402702331549], [81.536247253418, 6.3662490844726], [81.5398635864258, 6.36513900756847], [81.5465240478516, 6.36764001846319], [81.5534744262698, 6.36708402633673], [81.5665283203127, 6.37236213684093], [81.5651397705081, 6.37402820587158], [81.5584716796876, 6.37375020980841], [81.5604171752931, 6.37624979019165], [81.5631942749024, 6.37569379806519], [81.564308166504, 6.37902879714972], [81.5718078613284, 6.38569498062139], [81.5754165649417, 6.38597297668457], [81.5931930541993, 6.39763784408581], [81.5995864868165, 6.39902782440191], [81.6065292358401, 6.40847301483149], [81.6190261840821, 6.41708278656012], [81.6190261840821, 6.41930484771729], [81.6140289306642, 6.4209709167481], [81.6137466430667, 6.42374992370617], [81.6198577880862, 6.43375110626221], [81.6434707641604, 6.4448609352113], [81.6443023681642, 6.4434728622436], [81.6493225097658, 6.4456958770752], [81.6545867919925, 6.45291614532482], [81.6584701538088, 6.45458412170422], [81.6584701538088, 6.45847177505493], [81.6626358032226, 6.46597290039074], [81.6931915283205, 6.48736000061047], [81.7037506103518, 6.50208377838135], [81.7059707641603, 6.51097202301031], [81.7031936645508, 6.51327419281]]]}, "properties": {"electoralDistrictCode": "HAM", "electoralDistrict": "Hambantota", "province": "Southern", "aramRegion": null, "district": "Hambantota"}}, {"type": "Feature", "geometry": {"type": "MultiPolygon", "coordinates": [[[[79.523750305176, 9.39291572570801], [79.522087097168, 9.39235973358154], [79.5226364135742, 9.38652801513666], [79.5291366577148, 9.38402843475347], [79.5296783447267, 9.38911533355719], [79.523750305176, 9.39291572570801]]], [[[80.5915298461914, 9.47013759613043], [80.5887527465823, 9.46958446502686], [80.5884704589844, 9.46625041961676], [80.5856933593753, 9.46680641174322], [80.5873641967774, 9.4626398086549], [80.5904159545899, 9.4626398086549], [80.5915298461914, 9.47013759613043]]], [[[80.5951385498047, 9.47847080230724], [80.5934753417971, 9.47708320617681], [80.5931930541994, 9.46402835845947], [80.5979156494143, 9.46347236633301], [80.5987472534181, 9.46513843536383], [80.602912902832, 9.46236228942882], [80.614860534668, 9.46097087860119], [80.615417480469, 9.45847129821783], [80.6195831298829, 9.45847129821783], [80.6179199218753, 9.4626398086549], [80.5951385498047, 9.47847080230724]]], [[[80.5245742797852, 9.50538539886475], [80.5237121582034, 9.50708961486828], [80.524024963379, 9.50430679321283], [80.5273590087892, 9.50458335876465], [80.5420837402345, 9.49763774871826], [80.5279998779297, 9.50517845153809], [80.5245742797852, 9.50538539886475]]], [[[80.4931945800784, 9.52041625976557], [80.4901351928714, 9.51958370208752], [80.5048599243165, 9.51569366455078], [80.5190277099611, 9.50791740417486], [80.5209732055665, 9.50486087799072], [80.5231933593752, 9.50680541992193], [80.5059738159183, 9.51764011383057], [80.498748779297, 9.51764011383057], [80.4931945800784, 9.52041625976557]]], [[[79.6606979370119, 9.55569458007824], [79.6618041992189, 9.55680465698242], [79.6556930541995, 9.55430698394781], [79.6559753417969, 9.55125045776367], [79.6520843505861, 9.55013847351069], [79.6501388549808, 9.54486179351801], [79.6518020629883, 9.52180576324463], [79.6554336547852, 9.51209545135492], [79.6543045043948, 9.50513935089111], [79.6873626708986, 9.48430538177502], [79.7020797729494, 9.47902679443354], [79.7040252685547, 9.47597312927246], [79.7206954956055, 9.47458457946789], [79.7245864868166, 9.47680473327642], [79.7298583984378, 9.48430538177502], [79.7312469482421, 9.49069404602062], [79.7295837402344, 9.50375080108637], [79.7259750366211, 9.51097106933599], [79.7256927490237, 9.52569389343273], [79.7209701538088, 9.52902889251709], [79.7001419067384, 9.52902889251709], [79.6945800781253, 9.53041744232183], [79.6943054199219, 9.53263854980463], [79.6926422119143, 9.53125095367437], [79.6915283203128, 9.53486061096197], [79.6893081665041, 9.53430461883551], [79.6876373291016, 9.53736114501964], [79.6851425170898, 9.53652667999279], [79.6843032836917, 9.53986072540283], [79.6795806884767, 9.54041767120361], [79.6804199218751, 9.54208374023443], [79.6743087768555, 9.54763793945318], [79.6720809936526, 9.55402946472174], [79.6626358032227, 9.55375099182135], [79.6606979370119, 9.55569458007824]]], [[[80.1973648071292, 9.59736156463617], [80.1943054199222, 9.59541797637945], [80.195137023926, 9.59374904632574], [80.2004165649417, 9.59374904632574], [80.1973648071292, 9.59736156463617]]], [[[79.795135498047, 9.60069370269787], [79.7912521362307, 9.59736156463617], [79.790969848633, 9.58291721344], [79.79402923584, 9.58236122131353], [79.7948608398438, 9.57902812957775], [79.8004150390626, 9.57736015319836], [79.8023605346683, 9.58902740478521], [79.7973632812501, 9.59208297729492], [79.795135498047, 9.60069370269787]]], [[[80.1959686279297, 9.59994220733643], [80.1979141235352, 9.60235977172852], [80.1937484741214, 9.6018056869508], [80.1943054199222, 9.59847164154053], [80.1959686279297, 9.59994220733643]]], [[[79.8351364135743, 9.60347175598145], [79.8340301513675, 9.60264015197765], [79.836524963379, 9.60124969482433], [79.8351364135743, 9.60347175598145]]], [[[79.8537521362305, 9.61819458007818], [79.8523635864257, 9.61652660369879], [79.855697631836, 9.61652660369879], [79.8537521362305, 9.61819458007818]]], [[[79.7709732055664, 9.62236213684082], [79.7623596191408, 9.61458301544184], [79.7606964111329, 9.60541629791265], [79.7629165649413, 9.59819412231445], [79.7626419067385, 9.58986091613781], [79.7737503051761, 9.58402919769293], [79.7762527465821, 9.59125137329113], [79.7762527465821, 9.59486198425299], [79.7729187011719, 9.59791564941406], [79.7754135131838, 9.62041759490978], [79.7709732055664, 9.62236213684082]]], [[[79.8381958007815, 9.6254158020019], [79.8368072509766, 9.62402820587164], [79.8393020629883, 9.62319564819336], [79.8381958007815, 9.6254158020019]]], [[[80.2037506103516, 9.62874984741217], [80.1965255737305, 9.62791633605957], [80.201530456543, 9.6245841979981], [80.1959686279297, 9.62180614471436], [80.2048645019533, 9.62319564819336], [80.2059707641603, 9.62680625915522], [80.2037506103516, 9.62874984741217]]], [[[79.8548583984377, 9.63569545745855], [79.8509750366214, 9.63319396972656], [79.8529129028323, 9.62402820587164], [79.8615264892578, 9.61652660369879], [79.8643035888674, 9.62569427490246], [79.8584747314453, 9.62902832031256], [79.8548583984377, 9.63569545745855]]], [[[79.85986328125, 9.64236068725597], [79.8559722900392, 9.64041709899902], [79.8576354980469, 9.6390266418457], [79.860420227051, 9.64013862609869], [79.85986328125, 9.64236068725597]]], [[[80.0154190063479, 9.6462488174439], [80.0162506103517, 9.64291667938244], [80.0201416015626, 9.64319515228283], [80.0201416015626, 9.64486122131348], [80.0179138183595, 9.64319515228283], [80.0190277099612, 9.64486122131348], [80.0154190063479, 9.6462488174439]]], [[[80.0034713745119, 9.64874935150158], [80.0026397705081, 9.64736080169683], [80.005142211914, 9.64486122131348], [80.0137481689455, 9.64124870300304], [80.007637023926, 9.64736080169683], [80.0034713745119, 9.64874935150158]]], [[[80.1606979370119, 9.64930629730236], [80.1587524414062, 9.64708328247076], [80.1598587036135, 9.64430522918701], [80.16569519043, 9.64541721343994], [80.16569519043, 9.64680480957037], [80.1629180908205, 9.64569473266602], [80.1606979370119, 9.64930629730236]]], [[[80.1640243530273, 9.65013980865473], [80.1618041992188, 9.64847087860102], [80.1645812988282, 9.64791774749762], [80.1640243530273, 9.65013980865473]]], [[[79.9909744262698, 9.65486240386974], [79.9895858764649, 9.65263843536383], [79.9934692382815, 9.65291786193853], [79.9909744262698, 9.65486240386974]]], [[[79.7826385498047, 9.68791580200201], [79.7770843505859, 9.68458366394054], [79.7754135131838, 9.67986202239985], [79.7704162597656, 9.67569255828863], [79.7626419067385, 9.65763759613043], [79.7645797729495, 9.65263843536383], [79.7687530517579, 9.65041637420654], [79.7731933593751, 9.65180587768555], [79.7704162597656, 9.64902782440197], [79.770690917969, 9.6465272903443], [79.7751388549806, 9.64375114440929], [79.7779159545899, 9.6465272903443], [79.7776489257812, 9.65152835845947], [79.7734756469727, 9.65291786193853], [79.7795867919922, 9.65513801574701], [79.7790298461915, 9.65847206115728], [79.786247253418, 9.66569519042974], [79.7837524414062, 9.67041683197027], [79.785415649414, 9.67208290100109], [79.7831954956055, 9.6765279769898], [79.7848587036135, 9.68458366394054], [79.7826385498047, 9.68791580200201]]], [[[79.7935028076172, 9.68920421600347], [79.7904129028322, 9.6881942749024], [79.7906951904297, 9.68235969543468], [79.7926406860354, 9.68069362640387], [79.7935028076172, 9.68920421600347]]], [[[79.8593063354493, 9.70430564880371], [79.8534698486331, 9.70124912261974], [79.8420867919924, 9.70402812957764], [79.8398590087891, 9.70291805267345], [79.8404159545898, 9.69736099243164], [79.8434753417969, 9.69680500030518], [79.8476409912111, 9.6906948089599], [79.8495864868165, 9.69097328186047], [79.8434753417969, 9.68652820587158], [79.8445816040041, 9.68013763427734], [79.8509750366214, 9.67319488525385], [79.8534698486331, 9.66652679443354], [79.8548583984377, 9.66791725158686], [79.8576354980469, 9.66652679443354], [79.8573608398439, 9.66486072540289], [79.8545837402344, 9.66513919830328], [79.8609695434572, 9.65763759613043], [79.8670806884767, 9.65791606903082], [79.8704147338868, 9.66513919830328], [79.8704147338868, 9.66791725158686], [79.8676376342775, 9.66819477081299], [79.8651351928712, 9.67347431182873], [79.8626403808597, 9.66930484771734], [79.8634719848635, 9.6743049621582], [79.8715286254883, 9.67374897003174], [79.8779144287111, 9.66791725158686], [79.8779144287111, 9.66041564941401], [79.873748779297, 9.65874958038336], [79.8743057250976, 9.65625], [79.864860534668, 9.65680599212646], [79.8643035888674, 9.65013980865473], [79.868751525879, 9.64430522918701], [79.8681945800781, 9.6390266418457], [79.8720855712891, 9.63458156585699], [79.8762512207033, 9.63569545745855], [79.8926391601564, 9.62402820587164], [79.8620834350587, 9.60735988616955], [79.8443069458011, 9.61986064910883], [79.841247558594, 9.61486053466797], [79.8348617553713, 9.61125087738037], [79.8248672485354, 9.61433219909674], [79.8218078613284, 9.61125087738037], [79.8220825195314, 9.60624980926519], [79.8248596191409, 9.60486030578619], [79.8359756469728, 9.60680675506597], [79.8387527465821, 9.60569381713873], [79.8395843505859, 9.60986137390137], [79.8418045043946, 9.60680675506597], [79.8415298461916, 9.6009721755982], [79.8495864868165, 9.59597206115734], [79.845413208008, 9.59486198425299], [79.8351364135743, 9.59902763366699], [79.8343048095703, 9.59208297729492], [79.8256912231447, 9.59569263458246], [79.8229141235354, 9.60124969482433], [79.8201370239257, 9.60235977172852], [79.8215255737305, 9.61152744293219], [79.8251419067383, 9.61486053466797], [79.8226394653322, 9.6143045425415], [79.8204193115235, 9.61763858795172], [79.8209686279297, 9.62597179412836], [79.8181915283206, 9.62569427490246], [79.8165283203127, 9.62263965606689], [79.8143386840821, 9.62736701965338], [79.8120803833011, 9.62736225128168], [79.8073577880859, 9.61902713775646], [79.8087463378906, 9.61624908447271], [79.8065261840821, 9.61069488525391], [79.8087463378906, 9.60569381713873], [79.8045806884766, 9.60264015197765], [79.8095855712893, 9.59986209869385], [79.8098602294924, 9.59764003753656], [79.8073577880859, 9.59097099304199], [79.8026351928711, 9.58986091613781], [79.8015289306641, 9.57985973358154], [79.8040313720705, 9.57541561126715], [79.8154144287109, 9.57180595397955], [79.8306961059571, 9.57124996185308], [79.845413208008, 9.5665273666383], [79.8584747314453, 9.56875038146973], [79.8620834350587, 9.5706958770752], [79.8590240478517, 9.57819366455089], [79.8629150390625, 9.58652687072754], [79.8595809936526, 9.58958339691173], [79.8590240478517, 9.59331893920904], [79.8643035888674, 9.60347175598145], [79.8626403808597, 9.60680675506597], [79.8918075561526, 9.62291526794439], [79.8984756469729, 9.61680507659918], [79.9070816040042, 9.61624908447271], [79.9115295410158, 9.62180614471436], [79.9145812988283, 9.63125038146984], [79.9184722900393, 9.63319396972656], [79.9312515258791, 9.63180637359631], [79.9479141235353, 9.62569427490246], [79.9618072509768, 9.61402702331537], [79.9695816040041, 9.61236095428472], [79.9768066406251, 9.61319541931158], [79.9756927490237, 9.61597347259521], [79.9820861816408, 9.62152671813965], [79.9806976318362, 9.6109733581543], [79.9773635864258, 9.60541629791265], [79.9676361083984, 9.60597229003912], [79.9679183959964, 9.61069488525391], [79.9643020629886, 9.6109733581543], [79.9659729003907, 9.60513782501226], [79.973472595215, 9.60013771057135], [79.9868087768558, 9.59736156463617], [80.0012512207034, 9.60569381713873], [80.0040283203127, 9.61152744293219], [80.0023574829102, 9.62041759490978], [80.005142211914, 9.62263965606689], [80.0070800781252, 9.62985992431652], [80.0056915283206, 9.63347244262695], [79.9998626708984, 9.63486003875738], [79.9998626708984, 9.63791656494135], [79.9934692382815, 9.64013862609869], [79.990692138672, 9.64402675628662], [79.9895858764649, 9.64212417602545], [79.9843063354495, 9.64347076416016], [79.9859695434571, 9.63736057281488], [79.9801406860353, 9.63569545745855], [79.9806976318362, 9.63236236572277], [79.9779129028322, 9.63347244262695], [79.9720840454102, 9.63180637359631], [79.9659729003907, 9.63319396972656], [79.9504165649416, 9.64236068725597], [79.9343032836916, 9.65625], [79.9248580932619, 9.66041564941401], [79.9259719848634, 9.66375064849854], [79.9340286254885, 9.66347312927246], [79.9295806884768, 9.66430473327642], [79.9331970214847, 9.66708278656], [79.935417175293, 9.66458320617681], [79.9368057250979, 9.66541671752935], [79.9368057250979, 9.67208290100109], [79.9390258789062, 9.67402744293213], [79.9368057250979, 9.67930603027338], [79.9351425170898, 9.67597103118902], [79.9295806884768, 9.67986202239985], [79.9154129028323, 9.6809720993042], [79.9223632812499, 9.67625045776373], [79.9134750366212, 9.67402744293213], [79.9087524414063, 9.67514038085938], [79.9090270996095, 9.67236137390148], [79.9054183959963, 9.67402744293213], [79.9034729003907, 9.67069530487066], [79.902084350586, 9.67152690887463], [79.9045867919925, 9.66708278656], [79.907913208008, 9.66708278656], [79.9095840454101, 9.66458320617681], [79.9051437377933, 9.66399192810053], [79.910697937012, 9.65930557250982], [79.9090270996095, 9.65687656402588], [79.9065246582032, 9.66125106811535], [79.9023590087892, 9.662917137146], [79.9034729003907, 9.66513919830328], [79.9009704589847, 9.66652679443354], [79.9009704589847, 9.67041683197027], [79.8962478637697, 9.67486190795898], [79.9006958007813, 9.68041801452637], [79.9006958007813, 9.68319416046154], [79.8943023681643, 9.68735980987555], [79.8912506103518, 9.69680500030518], [79.8845825195314, 9.70041656494146], [79.8798599243166, 9.69541740417492], [79.8715286254883, 9.69402694702154], [79.868751525879, 9.69541740417492], [79.864585876465, 9.70263957977289], [79.8593063354493, 9.70430564880371]]], [[[79.814308166504, 9.71569538116455], [79.8115310668946, 9.7145824432373], [79.8087463378906, 9.70847225189203], [79.807083129883, 9.69680500030518], [79.8073577880859, 9.69013881683361], [79.8115310668946, 9.68486022949219], [79.8137512207034, 9.68569374084473], [79.814308166504, 9.69458293914806], [79.8120803833011, 9.7020835876466], [79.8145828247071, 9.70847225189203], [79.814308166504, 9.71569538116455]]], [[[79.9062500000001, 9.75208282470709], [79.9031982421876, 9.75152683258062], [79.9029159545898, 9.74847316741955], [79.9084701538088, 9.74541664123535], [79.9101409912111, 9.74819469451916], [79.9062500000001, 9.75208282470709]]], [[[80.614585876465, 9.45458316802984], [80.6140289306641, 9.45624923706049], [80.6084747314455, 9.45652675628662], [80.6054153442385, 9.4587488174439], [80.5973587036134, 9.4590272903443], [80.5962524414064, 9.45736122131348], [80.5906982421874, 9.45958328247076], [80.5848617553712, 9.45347309112549], [80.579025268555, 9.45291709899902], [80.5804138183595, 9.44652938842773], [80.573471069336, 9.44347190856945], [80.573196411133, 9.44597244262695], [80.569580078125, 9.44625091552734], [80.5709686279299, 9.44684314727789], [80.569580078125, 9.44902896881109], [80.5554199218749, 9.44874763488764], [80.5526351928712, 9.45180511474609], [80.549858093262, 9.4515266418457], [80.5459747314454, 9.45680522918701], [80.5515289306641, 9.45624923706049], [80.5548629760744, 9.46125030517589], [80.5587463378907, 9.4626398086549], [80.5554199218749, 9.46430587768555], [80.5593032836915, 9.46763801574701], [80.5576400756837, 9.46847152709961], [80.5573577880861, 9.47319412231457], [80.5520858764651, 9.47319412231457], [80.5520858764651, 9.47569465637207], [80.5448608398438, 9.47513866424561], [80.5379180908203, 9.47819519042974], [80.5368041992188, 9.48069477081299], [80.5262527465822, 9.47847080230724], [80.5306930541993, 9.4826393127442], [80.5170822143554, 9.47902679443354], [80.5151367187503, 9.48124885559082], [80.5184707641602, 9.4826393127442], [80.5151367187503, 9.48513889312756], [80.5134735107424, 9.48458290100109], [80.5143051147462, 9.47958278656], [80.5120849609378, 9.47736072540289], [80.5095825195315, 9.47986125946039], [80.5051422119141, 9.47736072540289], [80.4954147338868, 9.47847080230724], [80.4915313720705, 9.48458290100109], [80.4840240478518, 9.48513889312756], [80.4879150390627, 9.4890279769898], [80.4868087768555, 9.49263763427734], [80.4848632812502, 9.49294090270996], [80.4845809936524, 9.48847198486334], [80.4809722900393, 9.48875045776373], [80.4798583984378, 9.48986244201666], [80.4818038940431, 9.49236202239985], [80.4737472534183, 9.4943056106568], [80.4740295410156, 9.49930667877197], [80.4687500000001, 9.50041580200201], [80.4679183959961, 9.50236129760754], [80.4648590087892, 9.50041580200201], [80.4629135131835, 9.502917289734], [80.4584732055667, 9.50180435180675], [80.4565277099612, 9.50319480896007], [80.4523086547852, 9.50007724761963], [80.4487533569339, 9.50152873992926], [80.4423599243164, 9.49958229064947], [80.4404144287111, 9.50319480896007], [80.4351425170899, 9.50347328186047], [80.4373626708986, 9.51402664184565], [80.4418029785156, 9.5129184722901], [80.4398574829103, 9.51541805267345], [80.437080383301, 9.51569366455078], [80.4348602294923, 9.50402736663818], [80.4276351928713, 9.50652694702154], [80.4234695434572, 9.51263904571539], [80.4198608398438, 9.51347446441656], [80.418472290039, 9.512360572815], [80.4218063354493, 9.50874900817865], [80.419303894043, 9.50930500030518], [80.419303894043, 9.50486087799072], [80.4151382446291, 9.5073614120484], [80.4123611450195, 9.50208473205572], [80.4068069458011, 9.49874973297119], [80.4065246582032, 9.50069522857672], [80.4109725952151, 9.50208473205572], [80.4126358032227, 9.50625133514404], [80.4101409912109, 9.50708293914801], [80.4106979370117, 9.51041698455811], [80.4062500000001, 9.51319313049328], [80.4065246582032, 9.52319431304937], [80.4093017578126, 9.52402782440191], [80.403747558594, 9.52902889251709], [80.4040298461914, 9.53319454193115], [80.4012527465823, 9.53652667999279], [80.4095840454102, 9.53236103057856], [80.4126358032227, 9.53458309173584], [80.4134750366214, 9.5315265655517], [80.4209747314455, 9.52902889251709], [80.4340286254885, 9.51764011383057], [80.4418029785156, 9.51652812957764], [80.4393081665039, 9.52069377899164], [80.4365310668948, 9.51986217498785], [80.437080383301, 9.5265293121339], [80.4337463378908, 9.52569389343273], [80.4318084716798, 9.53125095367437], [80.4348602294923, 9.53347301483149], [80.4429168701174, 9.53125095367437], [80.4468078613284, 9.53513908386236], [80.4462432861329, 9.54016017913824], [80.4509735107422, 9.5451402664184], [80.4581909179688, 9.53402900695801], [80.469306945801, 9.5309734344483], [80.474304199219, 9.52735996246338], [80.4748611450196, 9.52402782440191], [80.4820861816409, 9.52375030517584], [80.4834671020511, 9.52575397491455], [80.4854202270507, 9.52375030517584], [80.4959716796875, 9.52291584014898], [80.5109710693359, 9.51847171783453], [80.5229187011719, 9.5106954574585], [80.5290298461915, 9.50902652740479], [80.532081604004, 9.50458335876465], [80.5356979370118, 9.50541687011719], [80.5437469482425, 9.50236129760754], [80.5459747314454, 9.49902820587158], [80.5395812988281, 9.50069522857672], [80.5487518310549, 9.49708366394054], [80.5801391601563, 9.47319412231457], [80.5893020629883, 9.47041606903082], [80.5918045043948, 9.4726381301881], [80.591247558594, 9.47902679443354], [80.5706939697267, 9.49652767181408], [80.5326385498049, 9.52375030517584], [80.5268020629882, 9.52902889251709], [80.5256958007814, 9.53347301483149], [80.5090255737308, 9.5481939315797], [80.395690917969, 9.63569545745855], [80.3565292358398, 9.66986083984381], [80.3320846557619, 9.69652652740479], [80.3029174804689, 9.74125003814703], [80.2837524414065, 9.76541614532482], [80.2623596191409, 9.80097293853771], [80.2534713745118, 9.82375144958502], [80.2481918334961, 9.82819461822515], [80.2354202270508, 9.82847309112555], [80.2156906127933, 9.83569335937511], [80.2087478637696, 9.83569335937511], [80.1887512207032, 9.82763862609869], [80.169303894043, 9.82513904571528], [80.1398620605469, 9.82541656494135], [80.1351394653323, 9.82152843475342], [80.1343078613283, 9.81764030456549], [80.1329193115236, 9.8201379776001], [80.1284713745119, 9.82069396972656], [80.1129150390624, 9.81124973297125], [80.1020812988283, 9.80902671813965], [80.0706939697266, 9.81124973297125], [80.0626373291016, 9.81430625915522], [80.0470809936526, 9.81597232818609], [80.0356979370119, 9.81847190856945], [80.0301361083984, 9.82375144958502], [80.0348587036136, 9.81735992431652], [80.0315246582031, 9.81597232818609], [80.0184707641604, 9.81708431243902], [79.9987487792969, 9.81152820587164], [79.9862518310548, 9.81124973297125], [79.9454193115237, 9.79458236694347], [79.9423599243167, 9.78597164154053], [79.9287490844727, 9.7776393890382], [79.9220809936524, 9.77541732788092], [79.9115295410158, 9.77624893188488], [79.9062500000001, 9.77069473266607], [79.907913208008, 9.76652812957775], [79.9043045043945, 9.76180553436279], [79.9084701538088, 9.75291728973394], [79.9148101806641, 9.75125122070312], [79.9159698486329, 9.74736118316656], [79.9187469482421, 9.74736118316656], [79.9187469482421, 9.74430465698242], [79.8954162597659, 9.74180698394781], [79.8954162597659, 9.74902915954601], [79.898193359375, 9.75097084045416], [79.8984756469729, 9.75597095489502], [79.8950805664064, 9.76124477386486], [79.9004135131837, 9.76319408416754], [79.8998641967773, 9.76763820648193], [79.8801422119141, 9.76124954223633], [79.8637466430665, 9.76263999938965], [79.8545837402344, 9.74958324432373], [79.8545837402344, 9.74652671813971], [79.8584747314453, 9.74263763427729], [79.8609695434572, 9.73597240448009], [79.8618087768555, 9.72847080230719], [79.8506927490236, 9.71347236633312], [79.8595809936526, 9.70930576324463], [79.8643035888674, 9.70930576324463], [79.8651351928712, 9.70625019073492], [79.8754196166995, 9.70402812957764], [79.8809738159179, 9.70486164093018], [79.8843078613282, 9.70985984802252], [79.8931961059572, 9.71374988555903], [79.8890304565431, 9.72847080230719], [79.8965301513674, 9.72763919830322], [79.8968048095703, 9.73875045776367], [79.9062500000001, 9.74236011505121], [79.9195861816407, 9.74347305297863], [79.9240264892581, 9.73319435119629], [79.9320831298829, 9.72430515289318], [79.9306945800782, 9.71236228942877], [79.937080383301, 9.70569419860846], [79.9384689331055, 9.69624900817871], [79.9448623657228, 9.69402694702154], [79.9420852661133, 9.69319534301758], [79.9423599243167, 9.69097328186047], [79.94930267334, 9.69013881683361], [79.9515304565431, 9.69208335876465], [79.9531936645508, 9.68902873992926], [79.9559707641603, 9.68986129760754], [79.9551391601565, 9.69291687011719], [79.9654159545901, 9.70180511474604], [79.9665298461916, 9.70486164093018], [79.9665298461916, 9.69791698455811], [79.9756927490237, 9.68930435180675], [79.9801406860353, 9.68791580200201], [79.9795837402343, 9.68513774871826], [79.985420227051, 9.68513774871826], [79.9870834350586, 9.69097328186047], [79.9895858764649, 9.69208335876465], [79.9981918334963, 9.68735980987555], [79.9987487792969, 9.67125129699713], [80.005142211914, 9.66319465637207], [79.9909744262698, 9.64458274841309], [79.9966430664063, 9.63958263397217], [80.0062484741214, 9.63819503784174], [80.0015258789062, 9.64458274841309], [79.9993057250977, 9.64486122131348], [79.9998626708984, 9.6462488174439], [79.9956970214844, 9.64764022827154], [80.0054321289063, 9.66238117218023], [80.0131912231447, 9.65736007690435], [80.0134735107422, 9.65402793884289], [80.0193023681642, 9.64986228942882], [80.0395812988284, 9.6462488174439], [80.0445861816409, 9.65041637420654], [80.0515289306642, 9.64874935150158], [80.0684738159179, 9.64013862609869], [80.081527709961, 9.62874984741217], [80.0987472534183, 9.61763858795172], [80.1273574829104, 9.60735988616955], [80.1326370239258, 9.60708236694347], [80.1351394653323, 9.60902881622326], [80.119857788086, 9.61263942718512], [80.1126403808596, 9.61902713775646], [80.1118087768556, 9.62347221374517], [80.1004180908204, 9.62930583953863], [80.0970840454101, 9.63541698455816], [80.09041595459, 9.6387510299682], [80.085693359375, 9.6387510299682], [80.0837478637697, 9.6420831680299], [80.0795822143555, 9.64236068725597], [80.0784759521485, 9.64708328247076], [80.081527709961, 9.64680480957037], [80.0820846557618, 9.64375114440929], [80.0854187011722, 9.6420831680299], [80.0915298461915, 9.64152908325201], [80.076530456543, 9.65097236633301], [80.0773925781253, 9.65967559814453], [80.0787506103517, 9.65291786193853], [80.0840301513674, 9.65458393096935], [80.1065292358401, 9.63986110687256], [80.122917175293, 9.63402938842773], [80.1434707641603, 9.62347221374517], [80.1709747314454, 9.59764003753656], [80.2001953125001, 9.58209419250488], [80.1998596191409, 9.57513809204102], [80.2012481689455, 9.58319473266607], [80.2051391601565, 9.58236122131353], [80.2084732055663, 9.58402919769293], [80.208190917969, 9.58569526672358], [80.192642211914, 9.58847332000738], [80.192642211914, 9.5901393890382], [80.1987533569338, 9.5901393890382], [80.1956939697265, 9.59263896942139], [80.1865310668945, 9.59430503845221], [80.1806945800782, 9.59291744232178], [80.1929168701172, 9.59624958038341], [80.1931915283204, 9.60152816772472], [80.1884689331056, 9.60152816772472], [80.1843032836914, 9.59819412231445], [80.1859741210939, 9.60208415985119], [80.1818084716799, 9.60291576385498], [80.1809692382815, 9.60569381713873], [80.1795806884768, 9.60375022888184], [80.1737518310546, 9.60319423675537], [80.1704177856446, 9.60791587829584], [80.1765289306643, 9.60930442810059], [80.1856918334963, 9.60486030578619], [80.1987533569338, 9.61180686950684], [80.1943054199222, 9.61319541931158], [80.1973648071292, 9.61819458007818], [80.1923599243166, 9.62180614471436], [80.1940307617188, 9.62402820587164], [80.1859741210939, 9.62347221374517], [80.1812515258789, 9.61874866485607], [80.1820831298829, 9.62236213684082], [80.1787490844728, 9.62430572509771], [80.1706924438478, 9.61986064910883], [80.1593017578127, 9.62430572509771], [80.1606979370119, 9.6254158020019], [80.1695861816408, 9.62180614471436], [80.1723632812503, 9.62319564819336], [80.1715240478516, 9.62625026702875], [80.16902923584, 9.62652778625483], [80.1729202270508, 9.62985992431652], [80.1712493896487, 9.6326379776001], [80.1731948852541, 9.63680458068859], [80.1701354980468, 9.63847255706781], [80.1718063354495, 9.64291667938244], [80.1673583984376, 9.64680480957037], [80.1620864868167, 9.63986110687256], [80.1623611450195, 9.64236068725597], [80.1554183959964, 9.64597129821783], [80.1556930541992, 9.64819335937511], [80.16569519043, 9.65291786193853], [80.16569519043, 9.65597152709961], [80.1709747314454, 9.65625], [80.227363586426, 9.63180637359631], [80.2562484741212, 9.61375141143805], [80.2665252685547, 9.61069488525391], [80.2706909179689, 9.60597229003912], [80.2993087768555, 9.58986091613781], [80.2976379394532, 9.58597278594965], [80.3293075561526, 9.56347084045416], [80.3293075561526, 9.56736183166515], [80.3234710693361, 9.57152843475347], [80.3298645019532, 9.57013988494873], [80.3470840454104, 9.55597305297863], [80.3506927490235, 9.55513858795177], [80.3523635864258, 9.54902839660656], [80.3579177856448, 9.54597187042236], [80.3693084716797, 9.53458309173584], [80.382637023926, 9.51680564880371], [80.3834686279297, 9.51875019073492], [80.3868637084961, 9.5187520980835], [80.382637023926, 9.52180576324463], [80.3787536621097, 9.53180694580084], [80.3876419067383, 9.5293054580689], [80.3920822143555, 9.52569389343273], [80.3873596191407, 9.52013778686518], [80.394859313965, 9.52069377899164], [80.3979187011719, 9.52597236633312], [80.4026412963867, 9.52597236633312], [80.4031982421876, 9.52347183227545], [80.4059753417969, 9.52347183227545], [80.4056930541992, 9.51513957977306], [80.394859313965, 9.51347446441656], [80.3951416015628, 9.51013946533203], [80.3906936645508, 9.51513957977306], [80.3968048095704, 9.50430679321283], [80.3934631347657, 9.50130081176758], [80.391525268555, 9.49569416046154], [80.3909759521487, 9.48763656616217], [80.3934707641603, 9.48652744293213], [80.3926391601565, 9.48013877868647], [80.3904190063478, 9.48180484771734], [80.3837509155273, 9.47708320617681], [80.3840255737305, 9.47847080230724], [80.377914428711, 9.48041725158686], [80.3790283203127, 9.47763919830328], [80.377082824707, 9.475417137146], [80.3773574829102, 9.47819519042974], [80.3615264892579, 9.46736240386969], [80.3598632812503, 9.46736240386969], [80.3609695434573, 9.46958446502686], [80.353469848633, 9.46868419647217], [80.3523635864258, 9.4654159545899], [80.344581604004, 9.46930599212646], [80.3454132080078, 9.47097206115728], [80.3420867919924, 9.47291564941418], [80.3429183959962, 9.46986007690435], [80.3370819091797, 9.46958446502686], [80.3351364135744, 9.4626398086549], [80.3362503051759, 9.4587488174439], [80.3306961059573, 9.45513916015636], [80.3173599243165, 9.46097087860119], [80.3201370239258, 9.46208381652843], [80.3179168701175, 9.46597194671637], [80.3156967163088, 9.46430587768555], [80.3131942749025, 9.46569442749029], [80.3109741210938, 9.46319580078119], [80.3168029785156, 9.46152782440197], [80.3115310668945, 9.46236228942882], [80.3087463378909, 9.4590272903443], [80.302360534668, 9.45791530609137], [80.305419921875, 9.45624923706049], [80.306251525879, 9.45319461822515], [80.3098602294924, 9.45291709899902], [80.312080383301, 9.44791698455816], [80.305419921875, 9.45319461822515], [80.2976379394532, 9.45319461822515], [80.2976379394532, 9.45513916015636], [80.3026351928714, 9.45402908325201], [80.302360534668, 9.45597076416016], [80.2984695434573, 9.4559726715089], [80.2968063354494, 9.45819473266602], [80.2937469482424, 9.45680522918701], [80.2934722900391, 9.45847129821783], [80.2901382446291, 9.45597076416016], [80.2923583984378, 9.45069503784191], [80.2904129028321, 9.45291709899902], [80.2870864868166, 9.44986057281506], [80.2856979370118, 9.45097255706781], [80.2898635864261, 9.45319461822515], [80.2881927490234, 9.45513916015636], [80.2812500000002, 9.45458316802984], [80.2504196166993, 9.46875], [80.2520828247071, 9.47513866424561], [80.2556915283205, 9.47208213806164], [80.259864807129, 9.47208213806164], [80.2618026733399, 9.47458457946789], [80.2643051147464, 9.47430419921875], [80.2651367187502, 9.47680473327642], [80.269027709961, 9.47680473327642], [80.2754135131835, 9.47569465637207], [80.2776412963868, 9.47319412231457], [80.2773590087892, 9.47625064849854], [80.2740249633792, 9.4793052673341], [80.2656936645507, 9.48124885559082], [80.2545852661136, 9.48930644989019], [80.2593078613284, 9.49319362640381], [80.2620849609377, 9.49930667877197], [80.2748641967775, 9.49569416046154], [80.2773590087892, 9.49263763427734], [80.2706909179689, 9.49374961853033], [80.2804183959963, 9.49041557312023], [80.2823638916016, 9.49291801452631], [80.2798614501953, 9.49736022949219], [80.2720870971682, 9.50097274780279], [80.2751388549807, 9.50180435180675], [80.2745819091797, 9.50486087799072], [80.2626419067382, 9.51430606842052], [80.2593078613284, 9.51513957977306], [80.2573623657227, 9.51263904571539], [80.2568054199219, 9.51569366455078], [80.2531967163087, 9.5173597335816], [80.2545852661136, 9.51319313049328], [80.249580383301, 9.51513957977306], [80.2304153442385, 9.52875137329102], [80.2320861816409, 9.53374862670898], [80.2295837402347, 9.5293054580689], [80.2265243530274, 9.5315265655517], [80.2262496948244, 9.53513908386236], [80.2206954956056, 9.53930473327637], [80.2173614501954, 9.5387487411499], [80.2181930541992, 9.53402900695801], [80.2215270996094, 9.53236103057856], [80.2195816040039, 9.52735996246338], [80.2181930541992, 9.52958297729498], [80.2123641967774, 9.52791690826416], [80.2090301513673, 9.53291702270502], [80.2093048095704, 9.5359725952149], [80.2062530517579, 9.53486061096197], [80.2018051147463, 9.53736114501964], [80.1990280151368, 9.54236221313482], [80.193473815918, 9.53736114501964], [80.1954193115237, 9.54152774810797], [80.1995849609376, 9.5734720230102], [80.1954193115237, 9.54597187042236], [80.1876373291018, 9.5454158782959], [80.177917480469, 9.53986072540283], [80.1776351928711, 9.54208374023443], [80.1712493896487, 9.54347229003918], [80.1376419067383, 9.56097316741955], [80.1262512207032, 9.57763767242443], [80.119857788086, 9.57791614532482], [80.1204147338867, 9.57458400726318], [80.1140289306643, 9.57458400726318], [80.1120834350587, 9.57874965667736], [80.1081924438477, 9.57958221435547], [80.1079177856448, 9.587082862854], [80.1048583984378, 9.58902740478521], [80.1001358032226, 9.59097099304199], [80.1051406860352, 9.58736133575439], [80.0998611450198, 9.58541679382319], [80.0923461914064, 9.59298801422119], [80.0745849609377, 9.59624958038341], [80.0751419067382, 9.6009721755982], [80.0704193115236, 9.59819412231445], [80.072364807129, 9.60208415985119], [80.0670852661136, 9.59958362579351], [80.0629196166993, 9.60124969482433], [80.060974121094, 9.60513782501226], [80.0643081665041, 9.60847282409679], [80.0604171752933, 9.61069488525391], [80.0590286254883, 9.60486030578619], [80.052635192871, 9.59819412231445], [80.0748596191407, 9.58819484710699], [80.0976409912111, 9.57402801513666], [80.1473617553712, 9.53541660308844], [80.1673583984376, 9.51513957977306], [80.1804199218751, 9.49763774871826], [80.1862487792969, 9.48597145080566], [80.1831970214844, 9.47375106811535], [80.1715240478516, 9.46736240386969], [80.1668090820315, 9.46014022827154], [80.1581954956055, 9.45319461822515], [80.1587524414062, 9.44930458068859], [80.1640243530273, 9.45069503784191], [80.16569519043, 9.44874763488764], [80.1629180908205, 9.44958305358898], [80.1595840454104, 9.44736003875738], [80.1562500000002, 9.45013904571545], [80.1565246582032, 9.44708156585699], [80.1531982421877, 9.44291591644298], [80.1373596191408, 9.43124866485607], [80.1243057250979, 9.42708301544184], [80.1112518310547, 9.41625022888184], [80.0948638916016, 9.41208362579346], [80.0848617553712, 9.40624904632574], [80.072364807129, 9.40375232696539], [80.05680847168, 9.39430427551275], [80.0537490844729, 9.39041614532482], [80.053192138672, 9.38180637359619], [80.056251525879, 9.37430477142328], [80.0543060302737, 9.3718051910401], [80.0545806884767, 9.36486339569086], [80.0631942749023, 9.35736179351801], [80.0590286254883, 9.34986114501964], [80.0601425170898, 9.34513854980463], [80.0634689331058, 9.34263896942144], [80.061248779297, 9.33597183227545], [80.0629196166993, 9.33125019073492], [80.0704193115236, 9.32541847229004], [80.0806961059572, 9.32486152648931], [80.0820846557618, 9.32597064971935], [80.0801391601564, 9.3270835876466], [80.0843048095703, 9.32874965667725], [80.0906982421877, 9.32652759552013], [80.0940246582031, 9.32208347320551], [80.1154174804689, 9.30847167968761], [80.1218032836915, 9.30069446563721], [80.1215286254885, 9.29158782958984], [80.1154174804689, 9.287917137146], [80.1098632812499, 9.27652835845947], [80.1112518310547, 9.26930522918695], [80.1206970214847, 9.26180458068859], [80.1206970214847, 9.25180625915539], [80.1168060302735, 9.2401390075683], [80.1206970214847, 9.22375011444092], [80.1170806884768, 9.20947837829584], [80.1200485229493, 9.21172523498535], [80.1489868164064, 9.21108531951916], [80.1739807128908, 9.2248477935791], [80.1917495727539, 9.23725414276117], [80.218132019043, 9.23406982421881], [80.2202224731446, 9.23859405517584], [80.2165679931641, 9.24890518188471], [80.2135696411136, 9.27673530578613], [80.2337341308594, 9.29506874084473], [80.2641754150392, 9.30290222167974], [80.2793731689456, 9.29777431488048], [80.321342468262, 9.30848121643072], [80.3874130249025, 9.30014038085938], [80.3950195312502, 9.30101490020746], [80.4065170288086, 9.30801868438732], [80.4078369140625, 9.33953189849859], [80.5163497924806, 9.34554004669195], [80.519012451172, 9.35093021392822], [80.5183715820315, 9.3596591949464], [80.529266357422, 9.37798118591314], [80.5285110473634, 9.38995647430426], [80.5315628051759, 9.4051332473756], [80.5343322753907, 9.40451335906994], [80.5441360473636, 9.39115238189697], [80.5578842163087, 9.3783483505249], [80.5862121582032, 9.36276817321783], [80.5837326049805, 9.37091827392578], [80.5863952636719, 9.37629890441895], [80.584197998047, 9.38189697265636], [80.5861129760743, 9.39184093475347], [80.5840225219726, 9.39569473266607], [80.5863876342774, 9.40095520019537], [80.5864181518557, 9.40829181671148], [80.5950927734374, 9.4174537658692], [80.5996475219728, 9.41471004486095], [80.6095504760745, 9.42570209503185], [80.6142272949219, 9.4434289932251], [80.6073913574219, 9.44879913330084], [80.6129837036136, 9.44534778594982], [80.616195678711, 9.44901084899914], [80.614585876465, 9.45458316802984]]], [[[79.9848632812501, 9.30847167968761], [79.982360839844, 9.30763816833502], [79.9820861816408, 9.3034715652467], [79.9779129028322, 9.29819583892834], [79.9720840454102, 9.29763984680187], [79.9701385498047, 9.29513931274414], [79.9712524414062, 9.28458213806164], [79.9748611450197, 9.28041553497309], [79.97819519043, 9.27986240386969], [79.9837493896487, 9.28430652618414], [79.9893035888673, 9.28486347198486], [79.9951400756838, 9.28180599212646], [79.9990310668946, 9.27069568634033], [80.0054168701172, 9.27652835845947], [80.005142211914, 9.28347206115728], [80.0026397705081, 9.28541660308849], [80.005142211914, 9.28652858734142], [80.0009689331056, 9.28763866424561], [79.9976425170899, 9.29125118255621], [79.9954147338867, 9.28625106811535], [79.9918060302736, 9.28874874114996], [79.9915313720704, 9.29208278656], [79.9943084716799, 9.29263877868647], [79.9887466430663, 9.29986190795898], [79.9881973266603, 9.3059720993042], [79.9843063354495, 9.30708408355713], [79.9848632812501, 9.30847167968761]]], [[[80.0745849609377, 9.32291698455811], [80.072364807129, 9.3198614120484], [80.0790252685547, 9.31263828277594], [80.09041595459, 9.31180667877197], [80.085693359375, 9.315417289734], [80.0831909179689, 9.32180500030512], [80.0745849609377, 9.32291698455811]]], [[[80.05680847168, 9.3484725952149], [80.0537490844729, 9.34513854980463], [80.052635192871, 9.33374977111811], [80.0590286254883, 9.3298597335816], [80.0606918334963, 9.33208370208746], [80.0579147338868, 9.33374977111811], [80.0593032836915, 9.34125137329102], [80.05680847168, 9.34430694580084], [80.05680847168, 9.3484725952149]]], [[[79.8876419067384, 9.4415283203125], [79.8843078613282, 9.44069385528564], [79.8887481689456, 9.4373598098756], [79.8898620605471, 9.43958377838129], [79.8876419067384, 9.4415283203125]]], [[[80.2887496948243, 9.46791553497314], [80.2865295410156, 9.46347236633301], [80.2884750366212, 9.4626398086549], [80.2873611450196, 9.46069335937511], [80.2901382446291, 9.45958328247076], [80.2929153442386, 9.46152782440197], [80.2906951904299, 9.4654159545899], [80.2934722900391, 9.46597194671637], [80.2887496948243, 9.46791553497314]]], [[[80.2629165649415, 9.47069358825689], [80.2587509155274, 9.46736240386969], [80.2595825195312, 9.46569442749029], [80.2612533569339, 9.46569442749029], [80.2609710693359, 9.46763801574701], [80.2648620605469, 9.46708202362055], [80.2629165649415, 9.47069358825689]]], [[[80.2734756469729, 9.47097206115728], [80.2718048095705, 9.47097206115728], [80.272361755371, 9.46902847290033], [80.2695846557618, 9.47041606903082], [80.2665252685547, 9.46847152709961], [80.269027709961, 9.46625041961676], [80.2734756469729, 9.46736240386969], [80.2734756469729, 9.47097206115728]]], [[[80.3154144287112, 9.47152805328375], [80.3126373291017, 9.47069358825689], [80.3134689331055, 9.46708202362055], [80.3162536621095, 9.46791553497314], [80.3154144287112, 9.47152805328375]]], [[[80.2920837402344, 9.47347259521496], [80.2898635864261, 9.46930599212646], [80.2937469482424, 9.47013759613043], [80.2920837402344, 9.47347259521496]]], [[[80.0126647949219, 9.48485946655268], [80.0056915283206, 9.48458290100109], [80.0043029785159, 9.48124885559082], [80.0101394653322, 9.47180557250982], [80.0090255737305, 9.46708202362055], [80.0112533569335, 9.46597194671637], [80.0145797729493, 9.46708202362055], [80.014305114746, 9.47124958038336], [80.0179138183595, 9.47680473327642], [80.0176391601563, 9.48152732849121], [80.0126647949219, 9.48485946655268]]], [[[80.5101394653321, 9.48569583892834], [80.5081939697266, 9.48375129699713], [80.5126419067386, 9.48291683197027], [80.5101394653321, 9.48569583892834]]], [[[80.2676391601564, 9.48736190795898], [80.2651367187502, 9.48430538177502], [80.2662506103517, 9.48291683197027], [80.2676391601564, 9.48569583892834], [80.269027709961, 9.48486137390148], [80.2676391601564, 9.48736190795898]]], [[[80.4909744262697, 9.49319362640381], [80.4890289306642, 9.49263763427734], [80.494583129883, 9.48930644989019], [80.4909744262697, 9.49319362640381]]], [[[80.4993057250979, 9.49847221374512], [80.4968032836917, 9.49402809143066], [80.5045852661133, 9.4943056106568], [80.5109710693359, 9.49097156524653], [80.4993057250979, 9.49847221374512]]], [[[80.4943084716797, 9.50013828277594], [80.4915313720705, 9.49874973297119], [80.4912490844729, 9.49569416046154], [80.494583129883, 9.49736022949219], [80.4943084716797, 9.50013828277594]]], [[[80.2781982421877, 9.50152873992926], [80.2768020629883, 9.50013828277594], [80.280975341797, 9.49819374084473], [80.2781982421877, 9.50152873992926]]], [[[80.4759750366212, 9.50680541992193], [80.4706954956058, 9.50569534301758], [80.4751358032228, 9.50597286224365], [80.4768066406253, 9.50347328186047], [80.4759750366212, 9.50680541992193]]], [[[80.4648590087892, 9.50986099243164], [80.4615249633792, 9.50847339630138], [80.4615249633792, 9.50652694702154], [80.4656982421876, 9.50625133514404], [80.4648590087892, 9.50986099243164]]], [[[80.4726409912109, 9.51124858856207], [80.469306945801, 9.51041698455811], [80.4726409912109, 9.50930500030518], [80.4726409912109, 9.51124858856207]]], [[[80.4770812988281, 9.51652812957764], [80.4754180908205, 9.5145835876466], [80.4779129028321, 9.5145835876466], [80.4770812988281, 9.51652812957764]]], [[[80.4590301513672, 9.52041625976557], [80.456253051758, 9.51847171783453], [80.4587478637697, 9.51791572570806], [80.4590301513672, 9.52041625976557]]], [[[80.4409637451173, 9.52342033386225], [80.4398574829103, 9.52486038208019], [80.4381942749024, 9.52291584014898], [80.4406967163088, 9.52180576324463], [80.4409637451173, 9.52342033386225]]], [[[80.4465255737306, 9.5262498855592], [80.4445800781251, 9.5262498855592], [80.4426422119143, 9.52235984802252], [80.4456939697268, 9.51819419860846], [80.453193664551, 9.51791572570806], [80.4556961059572, 9.51986217498785], [80.4526367187502, 9.52402782440191], [80.4498596191409, 9.52124977111816], [80.4468078613284, 9.52208423614502], [80.4465255737306, 9.5262498855592]]], [[[80.4137496948242, 9.52541637420666], [80.414863586426, 9.52680683135998], [80.4106979370117, 9.52569389343273], [80.4137496948242, 9.52541637420666]]], [[[80.4393081665039, 9.52680683135998], [80.4373626708986, 9.5243062973023], [80.4404144287111, 9.52569389343273], [80.4393081665039, 9.52680683135998]]], [[[80.4090270996094, 9.53125095367437], [80.4068069458011, 9.52819538116455], [80.4104156494143, 9.52986145019537], [80.4090270996094, 9.53125095367437]]], [[[80.451530456543, 9.53271579742432], [80.4481964111331, 9.5315265655517], [80.4479141235352, 9.52763843536377], [80.4523620605472, 9.5315265655517], [80.451530456543, 9.53271579742432]]], [[[80.2254180908206, 9.5387487411499], [80.2243041992187, 9.53791713714611], [80.2270812988284, 9.5359725952149], [80.2254180908206, 9.5387487411499]]], [[[80.2959747314456, 9.59097099304199], [80.2943038940429, 9.59069538116466], [80.2951354980469, 9.58736133575439], [80.2959747314456, 9.59097099304199]]], [[[80.0898590087892, 9.59986209869385], [80.0890274047854, 9.59764003753656], [80.1045837402344, 9.59402656555181], [80.0898590087892, 9.59986209869385]]], [[[80.0676422119141, 9.60986137390137], [80.0718078613282, 9.60486030578619], [80.0870819091799, 9.59875011444092], [80.0676422119141, 9.60986137390137]]], [[[80.0770797729494, 9.61263942718512], [80.0773620605469, 9.61069488525391], [80.0848617553712, 9.60902881622326], [80.0770797729494, 9.61263942718512]]]]}, "properties": {"electoralDistrictCode": "JAF", "electoralDistrict": "Jaffna", "province": "Northern", "aramRegion": "northern", "district": "Jaffna"}}, {"type": "Feature", "geometry": {"type": "MultiPolygon", "coordinates": [[[[79.9690246582032, 6.46430492401134], [79.9676361083984, 6.46291685104381], [79.9701385498047, 6.46180391311657], [79.9690246582032, 6.46430492401134]]], [[[80.1796493530275, 6.81357479095465], [80.1784362792971, 6.81737899780285], [80.1745223999023, 6.81929111480713], [80.1713790893557, 6.81568622589123], [80.1642456054689, 6.81494092941278], [80.1588287353518, 6.82300376892084], [80.1495590209963, 6.82491588592535], [80.1429672241213, 6.81869411468506], [80.1359786987306, 6.81682777404785], [80.1223907470706, 6.80780506134039], [80.1166229248047, 6.80612707138062], [80.1155014038088, 6.80380201339727], [80.1209106445314, 6.79545879364025], [80.1245574951174, 6.78227376937872], [80.1240005493166, 6.77376317977911], [80.1202926635745, 6.77064323425299], [80.1116256713867, 6.77076005935669], [80.1087875366212, 6.77258300781256], [80.1031875610351, 6.780839920044], [80.0981674194339, 6.79485702514654], [80.097854614258, 6.80373191833507], [80.0928497314456, 6.80644607543951], [80.0912322998047, 6.81449794769287], [80.0862731933594, 6.8145899772644], [80.0821990966796, 6.81722688674932], [80.0766220092776, 6.8150959014892], [80.0681762695313, 6.79581022262573], [80.0653228759766, 6.79587316513062], [80.065368652344, 6.79243898391729], [80.0623397827151, 6.79024791717535], [80.0486221313478, 6.79537582397467], [80.0440139770511, 6.79909086227423], [80.0424957275393, 6.80398178100592], [80.0366134643554, 6.80597019195557], [80.0324249267578, 6.79619884490978], [80.0269470214844, 6.79119205474865], [80.0194778442385, 6.78723287582403], [80.0143508911133, 6.78720998764044], [80.0164184570314, 6.78387594223034], [80.0093994140625, 6.77745819091808], [80.0052490234377, 6.77779722213756], [80.0041427612308, 6.7708621025086], [79.9975433349611, 6.77036285400402], [79.9886779785157, 6.76237678527838], [79.9837112426758, 6.76190280914307], [79.9787216186524, 6.75808477401733], [79.9691848754883, 6.76076078414923], [79.9592742919922, 6.75814199447626], [79.9513092041018, 6.76260185241699], [79.9483184814455, 6.75041818618786], [79.9447860717776, 6.74832820892334], [79.9283752441407, 6.74724578857428], [79.9200057983399, 6.74882984161377], [79.9170837402344, 6.75217819213879], [79.9199523925781, 6.75447320938116], [79.9188995361331, 6.75765895843506], [79.9131927490236, 6.76429986953735], [79.8961486816409, 6.77437400817865], [79.8886184692385, 6.77588081359869], [79.8861618041994, 6.77198600769049], [79.8932952880862, 6.76301717758184], [79.8963241577149, 6.74612379074097], [79.9035568237305, 6.72415113449091], [79.9023590087892, 6.71541786193853], [79.901550292969, 6.71458292007441], [79.9006958007813, 6.7137880325318], [79.9320831298829, 6.6493039131164], [79.9501419067383, 6.60208320617676], [79.9593048095704, 6.56791591644293], [79.9793090820315, 6.51763916015636], [79.9809722900391, 6.50874996185303], [79.9759750366213, 6.5048618316651], [79.9829177856446, 6.48763799667358], [79.9826354980468, 6.47847223281866], [79.9812469482425, 6.47514009475719], [79.9787521362305, 6.47514009475719], [79.9787521362305, 6.47291803359991], [79.9768066406251, 6.47374916076666], [79.978469848633, 6.47458410263073], [79.9773635864258, 6.47541809082037], [79.973472595215, 6.47069501876831], [79.9751358032227, 6.46680498123175], [79.9743041992188, 6.46013784408575], [79.9793090820315, 6.44902801513666], [79.9848632812501, 6.44652700424194], [79.9881973266603, 6.44319486618048], [79.9862518310548, 6.44041681289673], [79.9890289306641, 6.43955278396618], [79.9986572265624, 6.42612504959112], [80.004264831543, 6.42861986160284], [80.007637023926, 6.43579483032227], [80.0125274658206, 6.43696212768555], [80.0160598754885, 6.43560409545898], [80.0239639282227, 6.43137979507446], [80.0254669189455, 6.42461395263666], [80.028923034668, 6.41982507705688], [80.0393218994142, 6.41946983337402], [80.0571365356448, 6.40854978561413], [80.0621795654296, 6.4079580307008], [80.0712051391602, 6.3968648910523], [80.0820465087892, 6.40165996551514], [80.0881271362306, 6.40118885040289], [80.1119842529299, 6.38667011260992], [80.1236877441407, 6.37047481536865], [80.1314163208007, 6.36575508117676], [80.1548309326175, 6.36665678024292], [80.1713943481446, 6.35917282104498], [80.1848068237306, 6.35804891586304], [80.19108581543, 6.35419082641602], [80.2076644897464, 6.35914993286133], [80.2074356079104, 6.37217712402344], [80.212585449219, 6.37126398086554], [80.2160415649417, 6.37984704971319], [80.2425079345704, 6.37554788589483], [80.2494277954104, 6.36677980422985], [80.2554016113283, 6.36413908004755], [80.2680664062501, 6.35063505172729], [80.2758636474609, 6.34893894195557], [80.2939605712892, 6.32634878158569], [80.2984313964844, 6.32492208480841], [80.3020935058597, 6.34037208557129], [80.2910308837893, 6.36980676651012], [80.2906265258792, 6.39203977584839], [80.3006134033205, 6.39696979522711], [80.3046798706055, 6.39548206329351], [80.3123016357422, 6.39643001556402], [80.3190307617188, 6.40142822265631], [80.3231658935547, 6.40191793441772], [80.3333587646487, 6.41075420379633], [80.3463668823242, 6.41558599472052], [80.3518524169925, 6.41972208023071], [80.3572769165041, 6.41885423660278], [80.3681182861328, 6.42715692520147], [80.3765106201171, 6.42862701416016], [80.3818969726562, 6.42586183547979], [80.3794555664063, 6.4368138313294], [80.3743972778321, 6.44487285614025], [80.3339843750002, 6.50017118453979], [80.329429626465, 6.50983476638794], [80.3132553100587, 6.53291320800793], [80.3047485351565, 6.5408148765564], [80.3050994873047, 6.54538488388056], [80.2943267822267, 6.56218194961554], [80.2961730957034, 6.56569719314575], [80.306251525879, 6.56788682937628], [80.3090438842773, 6.57127094268799], [80.3133316040042, 6.57026195526123], [80.3029251098635, 6.5958399772644], [80.2927474975589, 6.60365819931036], [80.2819747924805, 6.61758804321289], [80.2744293212893, 6.61745977401745], [80.263984680176, 6.62199115753174], [80.2600402832032, 6.62185192108166], [80.2549514770511, 6.62679576873785], [80.2488937377931, 6.63890886306757], [80.2513885498046, 6.64734220504772], [80.2491836547852, 6.65817022323608], [80.2416381835939, 6.67025899887085], [80.2268829345705, 6.67888498306286], [80.221603393555, 6.68931198120117], [80.2152633666993, 6.69172382354748], [80.2095718383792, 6.7107768058778], [80.2028198242188, 6.72078514099121], [80.2036972045898, 6.72283411026012], [80.19889831543, 6.72727823257452], [80.1989517211916, 6.73114776611328], [80.2052383422853, 6.72983503341686], [80.2056274414064, 6.73294019699097], [80.1921005249025, 6.76050281524664], [80.1902618408205, 6.77159118652344], [80.1918716430663, 6.7829351425172], [80.187065124512, 6.78681421279907], [80.1865921020508, 6.79193496704102], [80.1823730468752, 6.79572486877447], [80.1779327392579, 6.80806922912598], [80.1775894165041, 6.81394481658947], [80.1796493530275, 6.81357479095465]]]]}, "properties": {"electoralDistrictCode": "KAL", "electoralDistrict": "Kalutara", "province": "Western", "aramRegion": "western", "district": "Kalutara"}}, {"type": "Feature", "geometry": {"type": "Polygon", "coordinates": [[[80.9742507934571, 7.4882020950318], [80.9643478393554, 7.48719406127935], [80.9598770141604, 7.48986577987682], [80.9454727172851, 7.48661088943487], [80.942337036133, 7.4896030426026], [80.9332809448244, 7.48932504653942], [80.9313354492189, 7.48779392242426], [80.9321517944338, 7.48145818710339], [80.9270248413086, 7.47564792633057], [80.9224853515626, 7.47366285324102], [80.9182128906252, 7.46144199371349], [80.9095230102541, 7.46493196487427], [80.9076080322266, 7.46390819549566], [80.9064865112305, 7.45858192443859], [80.8979644775392, 7.4748210906983], [80.8866348266604, 7.47323513031], [80.878028869629, 7.46548318862926], [80.8730697631837, 7.47000694274902], [80.862693786621, 7.47476577758789], [80.8501205444338, 7.47247123718262], [80.8397445678714, 7.4631109237672], [80.8314208984377, 7.46002721786505], [80.8203659057619, 7.45990896224976], [80.8069000244141, 7.44755315780634], [80.8083877563477, 7.44011020660395], [80.8018035888675, 7.43882179260254], [80.7902679443359, 7.42776823043829], [80.7853698730469, 7.43045282363903], [80.7786102294924, 7.43008422851568], [80.7738571166992, 7.43789386749279], [80.764015197754, 7.44164085388189], [80.7606658935549, 7.44870376586925], [80.7533264160157, 7.44861507415783], [80.7401733398438, 7.46341180801397], [80.7324905395508, 7.46460580825806], [80.7329559326175, 7.471598148346], [80.7309646606446, 7.47426891326916], [80.7277526855471, 7.47457313537603], [80.7183914184571, 7.46678876876837], [80.7061920166016, 7.46317911148083], [80.7011489868166, 7.45731687545782], [80.7121429443362, 7.42609310150158], [80.7091751098635, 7.42355585098272], [80.7067642211915, 7.41411209106445], [80.7081832885743, 7.40435886383062], [80.7060165405276, 7.39522218704235], [80.7008514404297, 7.39231586456293], [80.6983871459963, 7.38697195053112], [80.6824951171875, 7.38743209838873], [80.671211242676, 7.38408184051508], [80.6540145874025, 7.38460779190063], [80.6410522460937, 7.39659214019787], [80.6296539306642, 7.39879608154303], [80.6246643066408, 7.40192079544079], [80.6145019531253, 7.4143900871278], [80.5998535156249, 7.42066621780396], [80.5934448242188, 7.42821979522705], [80.587745666504, 7.42831802368175], [80.5788269042972, 7.43875789642334], [80.5731277465823, 7.4404678344726], [80.5744094848635, 7.44205617904669], [80.5718765258789, 7.45372295379639], [80.5655822753906, 7.45761108398449], [80.5570068359375, 7.45569181442272], [80.5549468994143, 7.45070123672497], [80.5432128906249, 7.452784061432], [80.5417709350587, 7.44908523559582], [80.5491790771484, 7.44306087493908], [80.5465393066407, 7.43870782852167], [80.5477523803714, 7.43286705017096], [80.5550765991213, 7.42671298980724], [80.5565490722657, 7.41911220550537], [80.5515441894534, 7.41581010818481], [80.5414657592776, 7.42135906219488], [80.5395126342774, 7.42120695114136], [80.5379180908203, 7.41756677627563], [80.5307235717776, 7.42015981674206], [80.5293121337892, 7.41364192962652], [80.51668548584, 7.41388797760015], [80.5161514282228, 7.40609407424938], [80.51969909668, 7.40149879455572], [80.5168533325198, 7.39413022994995], [80.5181655883792, 7.39101886749268], [80.5130844116213, 7.38805389404297], [80.5070800781252, 7.38762807846069], [80.4982452392578, 7.39216089248652], [80.4816360473635, 7.40866184234619], [80.4738235473635, 7.40812683105474], [80.47184753418, 7.41373300552374], [80.4699478149415, 7.41433477401745], [80.4624938964847, 7.41218614578247], [80.4623031616214, 7.40586280822754], [80.4658966064454, 7.40222597122198], [80.4698257446289, 7.40199089050299], [80.4724655151369, 7.39498090744019], [80.4661026000979, 7.37894916534435], [80.4585723876953, 7.37629222869873], [80.4555435180665, 7.36700391769415], [80.4516220092776, 7.3626441955567], [80.4528808593751, 7.35898399353027], [80.4581985473633, 7.35789918899536], [80.4597549438477, 7.35240888595592], [80.4541397094726, 7.35231494903564], [80.4468841552734, 7.35873079299932], [80.4382934570314, 7.35429286956787], [80.4305648803712, 7.35996580123896], [80.4246520996094, 7.36042213439941], [80.4220809936525, 7.3572788238526], [80.4264984130861, 7.33234119415289], [80.4312973022461, 7.32635784149176], [80.4399795532229, 7.31885099411016], [80.4550018310549, 7.3129768371582], [80.4575653076171, 7.30620813369751], [80.4632949829101, 7.30281019210827], [80.4813995361329, 7.28478384017944], [80.4831542968752, 7.28011178970331], [80.4807510375979, 7.27255010604864], [80.4759750366212, 7.2696619033814], [80.4798126220704, 7.26654386520386], [80.4795455932619, 7.2635607719422], [80.489112854004, 7.26265907287603], [80.4941482543948, 7.2584171295166], [80.5039901733399, 7.25799083709728], [80.5086517333987, 7.25350809097296], [80.5104522705078, 7.2452068328858], [80.5187683105472, 7.24088621139538], [80.5224685668945, 7.23453617095947], [80.5223541259766, 7.22030782699585], [80.5125808715821, 7.21296691894531], [80.5132522583009, 7.20808887481689], [80.5159149169923, 7.20385217666632], [80.5262680053713, 7.19771003723139], [80.5335998535157, 7.18632078170782], [80.5450515747071, 7.17864513397228], [80.5481262207034, 7.16935777664185], [80.5466079711917, 7.16669988632208], [80.5334091186524, 7.16604089736944], [80.5292739868165, 7.16165399551397], [80.5346221923828, 7.15042877197271], [80.529495239258, 7.15163278579718], [80.5258102416995, 7.14654779434204], [80.5221939086917, 7.15179014205938], [80.5185165405276, 7.14952707290649], [80.5102996826172, 7.14897489547741], [80.5063247680665, 7.13360691070557], [80.5025329589847, 7.13444995880121], [80.5005493164062, 7.12797307968145], [80.4921951293948, 7.1283969879151], [80.4821319580081, 7.12471199035645], [80.4784088134766, 7.12747192382807], [80.4703063964847, 7.12231588363647], [80.4557800292969, 7.12205600738531], [80.4457778930666, 7.11372423172003], [80.4452590942383, 7.11129379272472], [80.454216003418, 7.10125684738159], [80.464698791504, 7.06542921066284], [80.4658584594727, 7.06431198120123], [80.4692077636718, 7.06654787063604], [80.4711303710939, 7.06521511077892], [80.4708786010745, 7.06281900405895], [80.4637680053712, 7.05754518508911], [80.4609451293948, 7.04725980758673], [80.4609146118166, 7.03132915496832], [80.4634475708011, 7.02839994430548], [80.4733963012695, 7.03730010986328], [80.4890670776369, 7.02604103088373], [80.4974594116213, 7.02606821060181], [80.4989013671878, 7.02407598495495], [80.4970550537109, 7.01982116699224], [80.5033645629885, 7.01439714431768], [80.5055084228516, 7.00722885131836], [80.5130386352542, 6.99667215347301], [80.5158843994143, 6.98221302032482], [80.5400772094729, 6.96197700500488], [80.5531387329103, 6.94049119949341], [80.564033508301, 6.93898296356207], [80.5671997070315, 6.94528388977056], [80.577964782715, 6.94437503814709], [80.5777053833011, 6.95940113067627], [80.58952331543, 6.96487092971807], [80.5927810668946, 6.9729461669923], [80.5940780639651, 6.98578500747692], [80.6014404296875, 6.99069404602056], [80.6027679443359, 6.99450922012329], [80.5901870727539, 7.00810384750372], [80.585273742676, 7.0194177627564], [80.5749816894534, 7.02530717849743], [80.5730972290042, 7.03033304214483], [80.5617752075195, 7.04028797149658], [80.5620346069339, 7.04790496826183], [80.559753417969, 7.04888677597057], [80.5592727661135, 7.05412197113043], [80.5520782470704, 7.06495714187633], [80.5495758056641, 7.0655131340028], [80.5455017089843, 7.06200599670416], [80.5427169799805, 7.06324815750133], [80.539291381836, 7.06194591522217], [80.5412216186526, 7.0733847618103], [80.5430984497071, 7.07575082778936], [80.5526123046875, 7.07882118225109], [80.5542678833007, 7.08164978027355], [80.5610809326175, 7.07675218582159], [80.5715637207032, 7.08198499679565], [80.574203491211, 7.0762619972229], [80.5778961181643, 7.07436323165894], [80.5858917236331, 7.07717084884655], [80.5943298339843, 7.07775020599371], [80.5963897705081, 7.07541799545294], [80.608840942383, 7.07728290557861], [80.6137008666994, 7.07616806030279], [80.6271057128909, 7.07925415039062], [80.6330337524415, 7.08527803421032], [80.6378402709963, 7.09929180145275], [80.6485595703125, 7.10292100906383], [80.6638107299805, 7.10182714462286], [80.6778030395508, 7.09366512298595], [80.6882247924805, 7.092113018036], [80.6975936889649, 7.11292600631725], [80.7100982666015, 7.12577104568487], [80.7151031494142, 7.13505697250366], [80.7211456298829, 7.13912916183483], [80.7241210937501, 7.15064096450806], [80.729949951172, 7.1587438583374], [80.7391281127931, 7.16179323196423], [80.7438507080079, 7.17041492462164], [80.7642898559572, 7.19133090972912], [80.76619720459, 7.19541692733765], [80.7708740234376, 7.19833707809454], [80.7662124633791, 7.21517705917364], [80.7689208984376, 7.21725082397461], [80.7694015502931, 7.22259998321533], [80.7645416259766, 7.22684907913202], [80.7657852172853, 7.23011207580578], [80.764472961426, 7.23333501815807], [80.7666778564454, 7.23680877685547], [80.7608489990236, 7.23940706253063], [80.7529754638675, 7.25117921829229], [80.7558822631835, 7.2544898986817], [80.7504348754883, 7.26996803283703], [80.7521743774416, 7.27360486984264], [80.7545471191406, 7.27393102645885], [80.7600708007812, 7.2691907882691], [80.7779617309573, 7.24900388717651], [80.7832336425782, 7.24754285812378], [80.788627624512, 7.2367901802063], [80.8021621704102, 7.22574996948254], [80.8026885986329, 7.20450401306152], [80.8104400634767, 7.19843196868896], [80.8159942626955, 7.19827795028687], [80.8231506347659, 7.19440317153936], [80.8378448486331, 7.19443321228027], [80.8513870239261, 7.19021177291864], [80.8613357543946, 7.19428396224981], [80.8675079345703, 7.19204616546642], [80.8748626708987, 7.19491815567028], [80.8804321289062, 7.19453096389776], [80.8819656372072, 7.19261407852184], [80.8809356689454, 7.18392610549938], [80.8857574462892, 7.18078279495245], [80.8925094604492, 7.18774080276501], [80.898490905762, 7.19893789291376], [80.9075469970705, 7.19915008544933], [80.9172668457033, 7.20242786407476], [80.9277343749999, 7.19961977005005], [80.9417343139649, 7.20202016830444], [80.9470138549806, 7.20036697387707], [80.9549865722657, 7.19954013824474], [80.9622879028322, 7.19591379165655], [80.9684829711915, 7.19746589660656], [80.9729385375976, 7.19625806808472], [80.983283996582, 7.21262693405157], [80.9886550903321, 7.21428823471075], [81.0007400512698, 7.2134308815003], [81.008155822754, 7.21647405624395], [81.0165252685549, 7.23340082168585], [81.0128784179688, 7.24133014678955], [81.011589050293, 7.25403404235851], [81.0057525634767, 7.26896476745605], [81.0001983642579, 7.29359292984014], [80.9890823364258, 7.31818723678583], [80.987808227539, 7.33152914047241], [80.9760665893555, 7.36405277252197], [80.9756088256835, 7.37083292007452], [80.9797286987305, 7.37874889373779], [80.9827270507812, 7.39373588562012], [80.9785690307619, 7.40418577194225], [80.9709777832034, 7.40912485122686], [80.9694595336917, 7.41328907012951], [80.9705047607422, 7.42000818252558], [80.9752197265624, 7.42697477340698], [80.9726867675784, 7.46247720718384], [80.9742507934571, 7.4882020950318]]]}, "properties": {"electoralDistrictCode": "KAN", "electoralDistrict": "Kandy", "province": "Central", "aramRegion": "hill-country", "district": "Kandy"}}, {"type": "Feature", "geometry": {"type": "Polygon", "coordinates": [[[80.4220809936525, 7.3572788238526], [80.4168624877932, 7.35901403427135], [80.418327331543, 7.36864280700695], [80.4160537719727, 7.37408781051636], [80.4110870361328, 7.37733983993542], [80.4115066528321, 7.3828210830689], [80.4069671630862, 7.38712882995611], [80.3994369506838, 7.38766479492188], [80.3921203613284, 7.39638900756842], [80.3794631958008, 7.39436817169201], [80.376045227051, 7.39097785949707], [80.3680648803714, 7.3906569480896], [80.3542098999025, 7.38480377197266], [80.3468017578125, 7.38669395446777], [80.3446426391603, 7.38347291946411], [80.351531982422, 7.37401914596569], [80.3551864624025, 7.36052703857433], [80.3537292480471, 7.35678482055675], [80.3444366455081, 7.34953880310064], [80.3441772460938, 7.34548187255854], [80.3490829467775, 7.33967113494873], [80.3403778076174, 7.32099819183361], [80.3332366943361, 7.32209777832037], [80.3255157470704, 7.3271417617799], [80.3192520141604, 7.32536220550543], [80.3154220581058, 7.31871795654308], [80.3102569580079, 7.31990098953247], [80.3035659790041, 7.31608819961548], [80.2862548828128, 7.31264209747314], [80.2758789062501, 7.31462478637707], [80.266036987305, 7.31044292449945], [80.2257080078126, 7.27985000610357], [80.2136154174804, 7.27356576919561], [80.2024230957031, 7.25703382492077], [80.1936264038088, 7.25722503662109], [80.1985244750979, 7.24459409713745], [80.1963500976563, 7.24090576171886], [80.1883239746094, 7.23805093765264], [80.1835632324219, 7.23377513885492], [80.1862335205079, 7.22034406661993], [80.1825942993164, 7.20245981216442], [80.184005737305, 7.19318819046026], [80.1790161132815, 7.19121217727661], [80.1682434082033, 7.19300985336315], [80.1649856567382, 7.19028186798107], [80.1623306274416, 7.19209384918224], [80.1569366455081, 7.18259191513073], [80.1519851684573, 7.186598777771], [80.1492767333985, 7.18558979034424], [80.1453247070314, 7.18728303909307], [80.1511993408206, 7.18183612823492], [80.1539459228517, 7.17466592788696], [80.1554260253907, 7.16602277755749], [80.1535949707031, 7.14777612686163], [80.1620101928712, 7.12342405319225], [80.1659393310546, 7.12432003021246], [80.1668167114258, 7.12809181213373], [80.1698532104494, 7.12744379043579], [80.1739730834963, 7.13353919982916], [80.202217102051, 7.1342949867248], [80.208435058594, 7.12945890426641], [80.2065658569335, 7.12708377838146], [80.2078018188477, 7.12111520767218], [80.1991958618165, 7.1149110794068], [80.1952667236331, 7.10854101181036], [80.1938552856446, 7.10044288635254], [80.1912078857422, 7.09890890121466], [80.1853179931641, 7.10086488723761], [80.1847000122071, 7.09351015090954], [80.1808013916017, 7.09185791015625], [80.1736755371096, 7.0707921981811], [80.1675109863281, 7.06562709808361], [80.1642379760744, 7.0586462020874], [80.1673889160157, 7.04973888397217], [80.1663970947266, 7.04561185836803], [80.174186706543, 7.0098290443421], [80.1825027465823, 6.99470996856689], [80.1827087402345, 6.98331403732311], [80.1795272827148, 6.97781705856329], [80.1850357055666, 6.97429323196423], [80.1899566650392, 6.97793483734131], [80.2001495361329, 6.97567892074591], [80.2076873779298, 6.97872400283813], [80.2184677124024, 6.97294378280645], [80.2180786132813, 6.95699691772472], [80.2232971191409, 6.94982385635387], [80.2235107421878, 6.94187879562384], [80.2198333740237, 6.93591690063477], [80.2080459594729, 6.9375119209289], [80.2113723754885, 6.92428016662603], [80.2101211547852, 6.91764116287231], [80.214096069336, 6.91764307022095], [80.2191772460939, 6.92141294479381], [80.219062805176, 6.92609882354742], [80.223960876465, 6.93106317520147], [80.226501464844, 6.92445516586315], [80.2305908203124, 6.92415714263927], [80.2332229614261, 6.90305709838879], [80.2356185913086, 6.90263700485229], [80.2410354614261, 6.90749406814575], [80.2483978271484, 6.90137004852295], [80.2507705688479, 6.90151786804205], [80.2547302246096, 6.89250183105469], [80.2606506347659, 6.88923788070679], [80.2687759399416, 6.8742761611939], [80.2821502685547, 6.87010908126831], [80.2813339233398, 6.86582183837891], [80.284866333008, 6.86251306533813], [80.2849044799808, 6.85546588897705], [80.2948226928714, 6.85514497756958], [80.2972183227539, 6.85937690734863], [80.3016891479495, 6.85838317871094], [80.3064880371095, 6.86202478408819], [80.3107910156251, 6.86233711242687], [80.318916320801, 6.85525798797613], [80.3287353515627, 6.83629417419439], [80.3374557495117, 6.83139085769653], [80.3395767211915, 6.8326292037965], [80.3405151367188, 6.83012199401855], [80.3426361083985, 6.83109521865845], [80.3423614501953, 6.83332586288458], [80.3486557006835, 6.83455705642712], [80.3479537963867, 6.84178876876842], [80.3561630249023, 6.84606409072887], [80.3573760986331, 6.84968805313122], [80.3621597290042, 6.84843015670776], [80.3668746948243, 6.85161876678472], [80.3795700073244, 6.85438585281383], [80.383056640625, 6.84964704513544], [80.3888702392581, 6.84998178482067], [80.3907012939454, 6.85369682312023], [80.4000473022462, 6.85972785949701], [80.4212417602541, 6.84542179107666], [80.4240188598635, 6.83981990814203], [80.4300384521485, 6.84205293655401], [80.4320373535158, 6.84808778762817], [80.4348449707034, 6.84449911117565], [80.4408798217774, 6.84181594848644], [80.4420700073245, 6.83602905273432], [80.4516372680665, 6.83311700820934], [80.4583282470703, 6.83682680130005], [80.4774093627929, 6.83089494705206], [80.4960021972657, 6.83173322677612], [80.5037994384766, 6.83565092086792], [80.5114440917969, 6.84750699996948], [80.5093536376954, 6.85282182693487], [80.5004196166993, 6.85732984542847], [80.5001525878906, 6.86553096771252], [80.4949340820314, 6.87174797058111], [80.4947891235353, 6.87584781646734], [80.4980392456056, 6.88053178787243], [80.4980010986328, 6.88696622848511], [80.4913177490236, 6.89319181442272], [80.4864654541016, 6.89323997497559], [80.4800415039065, 6.89852094650269], [80.4735107421877, 6.89812183380138], [80.4673690795899, 6.90178489685053], [80.4600524902343, 6.90020084381104], [80.4547729492188, 6.90613985061651], [80.4482574462892, 6.90679407119751], [80.4428100585938, 6.91069221496582], [80.4350967407228, 6.91135311126709], [80.4329910278322, 6.91360378265392], [80.4344100952151, 6.9219322204591], [80.4375305175782, 6.92258596420288], [80.4391860961915, 6.94469881057751], [80.4376296997071, 6.95577716827393], [80.4455642700197, 6.96544981002813], [80.4440536499025, 6.97464609146124], [80.4401702880862, 6.97602987289429], [80.4360809326172, 6.98412084579468], [80.4323730468751, 6.98572111129772], [80.4330520629883, 6.99261093139654], [80.4375610351564, 6.99810600280756], [80.4502258300782, 6.99930715560919], [80.4514770507814, 7.00309181213385], [80.4567337036133, 7.00648784637451], [80.4604949951172, 7.01267814636236], [80.4641876220706, 7.01345777511608], [80.4673690795899, 7.01711988449091], [80.4660873413087, 7.02219104766851], [80.468101501465, 7.0242590904237], [80.4643325805665, 7.02435684204113], [80.4634475708011, 7.02839994430548], [80.4609146118166, 7.03132915496832], [80.4609451293948, 7.04725980758673], [80.4637680053712, 7.05754518508911], [80.4708786010745, 7.06281900405895], [80.4711303710939, 7.06521511077892], [80.4692077636718, 7.06654787063604], [80.4658584594727, 7.06431198120123], [80.464698791504, 7.06542921066284], [80.454216003418, 7.10125684738159], [80.4452590942383, 7.11129379272472], [80.4457778930666, 7.11372423172003], [80.4557800292969, 7.12205600738531], [80.4703063964847, 7.12231588363647], [80.4784088134766, 7.12747192382807], [80.4821319580081, 7.12471199035645], [80.4921951293948, 7.1283969879151], [80.5005493164062, 7.12797307968145], [80.5025329589847, 7.13444995880121], [80.5063247680665, 7.13360691070557], [80.5102996826172, 7.14897489547741], [80.5185165405276, 7.14952707290649], [80.5221939086917, 7.15179014205938], [80.5258102416995, 7.14654779434204], [80.529495239258, 7.15163278579718], [80.5346221923828, 7.15042877197271], [80.5292739868165, 7.16165399551397], [80.5334091186524, 7.16604089736944], [80.5466079711917, 7.16669988632208], [80.5481262207034, 7.16935777664185], [80.5450515747071, 7.17864513397228], [80.5335998535157, 7.18632078170782], [80.5262680053713, 7.19771003723139], [80.5159149169923, 7.20385217666632], [80.5132522583009, 7.20808887481689], [80.5125808715821, 7.21296691894531], [80.5223541259766, 7.22030782699585], [80.5224685668945, 7.23453617095947], [80.5187683105472, 7.24088621139538], [80.5104522705078, 7.2452068328858], [80.5086517333987, 7.25350809097296], [80.5039901733399, 7.25799083709728], [80.4941482543948, 7.2584171295166], [80.489112854004, 7.26265907287603], [80.4795455932619, 7.2635607719422], [80.4798126220704, 7.26654386520386], [80.4759750366212, 7.2696619033814], [80.4807510375979, 7.27255010604864], [80.4831542968752, 7.28011178970331], [80.4813995361329, 7.28478384017944], [80.4632949829101, 7.30281019210827], [80.4575653076171, 7.30620813369751], [80.4550018310549, 7.3129768371582], [80.4399795532229, 7.31885099411016], [80.4312973022461, 7.32635784149176], [80.4264984130861, 7.33234119415289], [80.4220809936525, 7.3572788238526]]]}, "properties": {"electoralDistrictCode": "KEG", "electoralDistrict": "Kegalle", "province": "Sabaragamuwa", "aramRegion": "hill-country", "district": "Kegalle"}}, {"type": "Feature", "geometry": {"type": "Polygon", "coordinates": [[[80.4990692138674, 7.81505489349365], [80.4825363159181, 7.82255983352661], [80.4806518554687, 7.8284587860108], [80.4774551391602, 7.83109521865845], [80.47762298584, 7.84315681457514], [80.4681167602539, 7.85014915466309], [80.4743499755859, 7.85823488235474], [80.4794006347657, 7.88021278381348], [80.4740600585938, 7.89699697494518], [80.4684906005859, 7.90064096450806], [80.4629516601564, 7.9167680740357], [80.4603576660157, 7.94725179672241], [80.4557342529297, 7.94877576828009], [80.4520111083987, 7.95467710494989], [80.4505615234375, 7.9530930519104], [80.4484710693359, 7.95626783370983], [80.4301757812501, 7.94887685775768], [80.426582336426, 7.95119476318371], [80.4179687500001, 7.95156812667847], [80.4190979003906, 7.95591878891003], [80.4272384643554, 7.96302795410168], [80.422676086426, 7.9809970855714], [80.4246063232424, 7.98557090759277], [80.4239196777346, 7.99044609069836], [80.4197158813479, 8.00266361236578], [80.4154052734376, 8.00708961486822], [80.4197692871097, 8.01965141296398], [80.4209060668948, 8.03485202789307], [80.4191741943362, 8.04516792297363], [80.4158248901369, 8.04527282714838], [80.4129104614261, 8.05055141448986], [80.4055480957031, 8.05623531341558], [80.3954544067383, 8.05301284790033], [80.3933258056642, 8.04880142211908], [80.3800811767581, 8.05773258209229], [80.3765411376955, 8.05601692199701], [80.3710708618165, 8.05750274658203], [80.3661727905276, 8.06560897827148], [80.3576812744141, 8.06981182098389], [80.3519592285156, 8.0794849395752], [80.3483657836915, 8.08197593688971], [80.3448791503908, 8.08101558685308], [80.3415908813478, 8.08257770538341], [80.3383865356447, 8.08871459960949], [80.3328094482423, 8.08986568450939], [80.3284301757814, 8.09678077697765], [80.3241271972657, 8.09921836853022], [80.318298339844, 8.11225605010992], [80.3111572265626, 8.11467933654791], [80.308982849121, 8.11741638183594], [80.3028335571292, 8.11555194854748], [80.2923507690433, 8.11911678314209], [80.2904281616214, 8.11665344238281], [80.2873764038089, 8.1175327301026], [80.2828979492189, 8.11553764343267], [80.265739440918, 8.11529159545904], [80.2604751586915, 8.12552261352539], [80.2487106323242, 8.13535785675055], [80.2382659912111, 8.1363468170166], [80.2315826416017, 8.141269683838], [80.2117919921876, 8.14301776885998], [80.2051773071292, 8.15262889862066], [80.1884994506836, 8.1503963470459], [80.1849365234376, 8.1540899276734], [80.1825103759767, 8.16189575195318], [80.1667938232422, 8.16255474090582], [80.1602096557617, 8.16496753692638], [80.1519851684573, 8.17368793487555], [80.1251754760742, 8.17910385131836], [80.119773864746, 8.18551540374756], [80.1101837158206, 8.18889713287365], [80.1100006103518, 8.19230747222912], [80.1062545776369, 8.19578170776373], [80.1025238037112, 8.19624900817882], [80.1030273437502, 8.1913013458252], [80.1055145263674, 8.18895626068121], [80.1050262451172, 8.18215847015392], [80.0995941162111, 8.16766929626476], [80.101173400879, 8.16119384765636], [80.1078796386719, 8.14995098114019], [80.1067047119141, 8.1469287872315], [80.1149597167972, 8.11596870422363], [80.1149597167972, 8.09877777099615], [80.1217041015627, 8.09156227111822], [80.1278991699221, 8.07971000671398], [80.1467056274416, 8.07366180419933], [80.1533126831058, 8.06737327575684], [80.1469345092774, 8.04491710662853], [80.149269104004, 8.019684791565], [80.1475753784183, 8.01247978210449], [80.1434631347658, 8.0063266754151], [80.1498947143556, 7.99857282638555], [80.1360549926758, 7.97755002975458], [80.1329040527347, 7.96735382080084], [80.1344528198243, 7.96093606948858], [80.1417541503908, 7.95438480377197], [80.1484527587891, 7.94286394119268], [80.1440429687502, 7.93807983398432], [80.1311874389651, 7.93422412872314], [80.120231628418, 7.94664478302002], [80.1130294799805, 7.94992494583124], [80.1074752807618, 7.94765996932978], [80.1056900024416, 7.94108009338385], [80.1080322265626, 7.93394804000854], [80.1073608398439, 7.92911005020142], [80.1000061035156, 7.92555379867559], [80.0984954833985, 7.91480112075811], [80.0920639038089, 7.91720581054693], [80.0937194824219, 7.92169809341442], [80.0714111328126, 7.91444778442388], [80.0704956054688, 7.9114561080932], [80.0737457275391, 7.90725994110102], [80.0732650756838, 7.89149904251104], [80.0685729980471, 7.8908162117005], [80.0651702880862, 7.88672685623169], [80.0652160644532, 7.87324810028082], [80.0536499023438, 7.87421417236328], [80.0502548217774, 7.87184000015259], [80.0500411987305, 7.86733388900757], [80.041633605957, 7.86747503280645], [80.0376281738281, 7.85953187942505], [80.0407409667969, 7.85888481140131], [80.037467956543, 7.85158014297491], [80.0378265380859, 7.84540176391607], [80.0346298217776, 7.84253215789801], [80.0267715454102, 7.84206008911127], [80.0250244140627, 7.83946180343634], [80.0196228027345, 7.83985614776611], [80.0168838500979, 7.83478784561163], [80.0086898803713, 7.83242607116699], [80.005928039551, 7.82948017120356], [80.0063934326174, 7.82537889480597], [80.0133132934573, 7.81550598144531], [80.0010986328128, 7.81305599212652], [79.997787475586, 7.81049680709839], [79.9951324462891, 7.7959971427918], [80.0016021728516, 7.77695178985601], [79.9951553344727, 7.76856279373175], [79.9933547973635, 7.76045799255365], [79.9960250854494, 7.75269079208385], [80.0016784667972, 7.75033378601086], [80.0005187988284, 7.74423980712896], [79.9806289672852, 7.73273706436163], [79.9747695922854, 7.72203922271729], [79.9611282348635, 7.71702909469604], [79.9581451416018, 7.71996021270763], [79.9561157226564, 7.71947908401501], [79.9527435302734, 7.71195793151861], [79.9549636840821, 7.70188903808599], [79.9404907226562, 7.6944727897644], [79.9419631958011, 7.69302797317505], [79.9545440673831, 7.69426107406611], [79.9565429687502, 7.69069576263428], [79.9643325805663, 7.68618583679205], [79.9604034423829, 7.68107604980474], [79.9602890014651, 7.67468500137329], [79.9572296142581, 7.6730170249939], [79.9492950439455, 7.67588376998901], [79.9474105834961, 7.68182086944591], [79.9432373046876, 7.67771196365356], [79.9357376098635, 7.68005704879761], [79.9306259155273, 7.67621898651129], [79.928680419922, 7.67257881164562], [79.9303359985354, 7.66437005996704], [79.9224090576174, 7.65790176391607], [79.9244689941406, 7.65432596206659], [79.9311752319338, 7.65372180938726], [79.9339218139651, 7.6505560874939], [79.9333419799807, 7.64857292175293], [79.9224014282228, 7.64652681350708], [79.9199218750002, 7.63430976867676], [79.9093704223636, 7.62744283676153], [79.9053421020511, 7.62007284164423], [79.9066314697266, 7.59470605850231], [79.9003906250003, 7.58256912231451], [79.9038009643555, 7.51170921325695], [79.9079971313477, 7.47997617721558], [79.9126586914064, 7.46889781951916], [79.927604675293, 7.38896799087536], [79.9377365112307, 7.34681987762457], [79.9412918090822, 7.27447795867926], [79.9450836181642, 7.27272510528576], [79.9464492797852, 7.27894496917725], [79.9542846679688, 7.28014421463024], [79.9497375488282, 7.28525781631475], [79.9505691528323, 7.289146900177], [79.9556732177735, 7.28915977478022], [79.9561233520507, 7.29285717010509], [79.9655380249023, 7.28803396224976], [79.9715576171876, 7.29189300537109], [79.9756851196291, 7.29146718978882], [79.9793472290042, 7.29925012588512], [79.9926300048829, 7.30249977111822], [79.9866867065431, 7.30538320541382], [79.9967193603518, 7.31296396255493], [80.0020523071292, 7.31315279006964], [80.0051651000978, 7.3192448616029], [80.0080642700195, 7.31550884246832], [80.0133132934573, 7.31336879730236], [80.0254745483401, 7.31623601913458], [80.0221710205078, 7.3110170364381], [80.0274124145511, 7.30781316757202], [80.0288238525392, 7.30170202255249], [80.0359497070313, 7.30333423614508], [80.0446624755861, 7.29976081848145], [80.0462188720703, 7.29491710662847], [80.0511550903322, 7.29082393646246], [80.0525283813477, 7.28461122512829], [80.0588455200198, 7.28399991989147], [80.0795288085937, 7.29633522033691], [80.0823440551761, 7.30396986007685], [80.0875167846683, 7.30367612838756], [80.1006317138672, 7.31111478805553], [80.1075820922853, 7.31953191757214], [80.1168518066407, 7.32355213165289], [80.124320983887, 7.33059978485113], [80.1381988525393, 7.32210493087763], [80.1482391357424, 7.31149816513067], [80.1432876586914, 7.30413722991949], [80.145690917969, 7.29930877685541], [80.1524505615234, 7.29585886001593], [80.1583862304688, 7.28834390640259], [80.1636352539064, 7.28727817535412], [80.1682128906251, 7.28294992446911], [80.1690521240234, 7.27874183654797], [80.1743698120119, 7.27505683898931], [80.1832580566409, 7.25977516174322], [80.1885070800781, 7.2620267868042], [80.1936264038088, 7.25722503662109], [80.2024230957031, 7.25703382492077], [80.2136154174804, 7.27356576919561], [80.2257080078126, 7.27985000610357], [80.266036987305, 7.31044292449945], [80.2758789062501, 7.31462478637707], [80.2862548828128, 7.31264209747314], [80.3035659790041, 7.31608819961548], [80.3102569580079, 7.31990098953247], [80.3154220581058, 7.31871795654308], [80.3192520141604, 7.32536220550543], [80.3255157470704, 7.3271417617799], [80.3332366943361, 7.32209777832037], [80.3403778076174, 7.32099819183361], [80.3490829467775, 7.33967113494873], [80.3441772460938, 7.34548187255854], [80.3444366455081, 7.34953880310064], [80.3537292480471, 7.35678482055675], [80.3551864624025, 7.36052703857433], [80.351531982422, 7.37401914596569], [80.3446426391603, 7.38347291946411], [80.3468017578125, 7.38669395446777], [80.3542098999025, 7.38480377197266], [80.3680648803714, 7.3906569480896], [80.376045227051, 7.39097785949707], [80.3794631958008, 7.39436817169201], [80.3921203613284, 7.39638900756842], [80.3994369506838, 7.38766479492188], [80.4069671630862, 7.38712882995611], [80.4115066528321, 7.3828210830689], [80.4110870361328, 7.37733983993542], [80.4160537719727, 7.37408781051636], [80.418327331543, 7.36864280700695], [80.4168624877932, 7.35901403427135], [80.4220809936525, 7.3572788238526], [80.4246520996094, 7.36042213439941], [80.4305648803712, 7.35996580123896], [80.4382934570314, 7.35429286956787], [80.4468841552734, 7.35873079299932], [80.4541397094726, 7.35231494903564], [80.4597549438477, 7.35240888595592], [80.4581985473633, 7.35789918899536], [80.4528808593751, 7.35898399353027], [80.4516220092776, 7.3626441955567], [80.4555435180665, 7.36700391769415], [80.4585723876953, 7.37629222869873], [80.4661026000979, 7.37894916534435], [80.4724655151369, 7.39498090744019], [80.4698257446289, 7.40199089050299], [80.4658966064454, 7.40222597122198], [80.4623031616214, 7.40586280822754], [80.4624938964847, 7.41218614578247], [80.4699478149415, 7.41433477401745], [80.47184753418, 7.41373300552374], [80.4738235473635, 7.40812683105474], [80.4816360473635, 7.40866184234619], [80.4982452392578, 7.39216089248652], [80.5070800781252, 7.38762807846069], [80.5130844116213, 7.38805389404297], [80.5181655883792, 7.39101886749268], [80.5168533325198, 7.39413022994995], [80.51969909668, 7.40149879455572], [80.5161514282228, 7.40609407424938], [80.51668548584, 7.41388797760015], [80.5293121337892, 7.41364192962652], [80.5307235717776, 7.42015981674206], [80.5379180908203, 7.41756677627563], [80.5395126342774, 7.42120695114136], [80.5414657592776, 7.42135906219488], [80.5515441894534, 7.41581010818481], [80.5565490722657, 7.41911220550537], [80.5550765991213, 7.42671298980724], [80.5477523803714, 7.43286705017096], [80.5465393066407, 7.43870782852167], [80.5491790771484, 7.44306087493908], [80.5417709350587, 7.44908523559582], [80.5432128906249, 7.452784061432], [80.5549468994143, 7.45070123672497], [80.5570068359375, 7.45569181442272], [80.5655822753906, 7.45761108398449], [80.5640640258789, 7.46913719177252], [80.5695877075195, 7.4771962165832], [80.575050354004, 7.47682189941412], [80.5707778930666, 7.48551511764526], [80.5728607177735, 7.49104785919195], [80.5708312988284, 7.49121522903437], [80.5719985961915, 7.49456310272217], [80.570281982422, 7.5003862380982], [80.5729522705079, 7.50762176513672], [80.5684509277344, 7.51125478744513], [80.568946838379, 7.51525497436529], [80.5625152587892, 7.51430177688599], [80.5647888183595, 7.52267122268671], [80.5570068359375, 7.53639888763428], [80.5516662597656, 7.53825616836559], [80.5540084838868, 7.54373121261591], [80.5516052246093, 7.55046796798706], [80.5561752319335, 7.56324911117554], [80.5618286132813, 7.56873512268066], [80.5627212524414, 7.57253217697138], [80.5660095214846, 7.57164096832281], [80.5680541992188, 7.57477521896374], [80.5737457275392, 7.57563591003412], [80.5731658935549, 7.58606576919556], [80.568473815918, 7.59520292282104], [80.5757751464847, 7.60741186141968], [80.5662078857424, 7.61825418472301], [80.5645294189456, 7.63034486770636], [80.5548248291017, 7.63362693786615], [80.5488739013675, 7.64186286926275], [80.5497512817383, 7.64796018600458], [80.5450286865237, 7.66092777252209], [80.5476608276367, 7.6638321876527], [80.5516815185547, 7.66393899917603], [80.5524749755862, 7.6700491905213], [80.5480804443362, 7.68167781829845], [80.5463104248047, 7.697991847992], [80.5473861694337, 7.70612812042236], [80.5439453125003, 7.70834398269665], [80.5358200073242, 7.70872402191168], [80.5363464355468, 7.7371878623963], [80.5326232910157, 7.74229812622065], [80.5287399291994, 7.74405813217157], [80.5193176269534, 7.76034879684448], [80.5172729492187, 7.77266788482672], [80.50309753418, 7.7737388610841], [80.5007476806641, 7.77934312820435], [80.4959945678712, 7.7830438613891], [80.4943771362304, 7.80828619003296], [80.4990692138674, 7.81505489349365]]]}, "properties": {"electoralDistrictCode": "KUR", "electoralDistrict": "Kurunegala", "province": "North Western", "aramRegion": null, "district": "Kurunegala"}}, {"type": "Feature", "geometry": {"type": "MultiPolygon", "coordinates": [[[[79.9204177856448, 8.80541706085211], [79.9173583984378, 8.80819511413574], [79.9176406860353, 8.80430698394775], [79.9204177856448, 8.80541706085211]]], [[[79.9087524414063, 8.97541809082037], [79.9054183959963, 8.97458267211925], [79.905975341797, 8.97208309173584], [79.9090270996095, 8.97319316864019], [79.9087524414063, 8.97541809082037]]], [[[79.6465301513675, 9.0731954574585], [79.6443023681642, 9.0701379776001], [79.6473617553713, 9.07069492340082], [79.6465301513675, 9.0731954574585]]], [[[79.6506958007813, 9.07430458068859], [79.6487503051758, 9.07236099243164], [79.6518020629883, 9.07180690765381], [79.6506958007813, 9.07430458068859]]], [[[79.681526184082, 9.07486057281506], [79.6756973266604, 9.07486057281506], [79.6743087768555, 9.07291698455816], [79.6798629760744, 9.07291698455816], [79.681526184082, 9.07486057281506]]], [[[79.9204177856448, 8.80541706085211], [79.9290313720704, 8.80347347259521], [79.9293060302735, 8.80180358886719], [79.9243087768556, 8.80208206176758], [79.9229202270509, 8.79930591583258], [79.9184722900393, 8.80291652679443], [79.9179153442383, 8.8012514114381], [79.9320831298829, 8.78597354888916], [79.9387512207032, 8.77124977111828], [79.9412536621093, 8.75958347320568], [79.9598617553713, 8.7262487411499], [79.9584732055664, 8.72125053405762], [79.9529190063478, 8.71652793884283], [79.9495849609378, 8.70902824401855], [79.9515304565431, 8.69541740417492], [79.9504165649416, 8.68569374084473], [79.9523620605469, 8.67847442626964], [79.9504165649416, 8.67569541931158], [79.9495849609378, 8.66625118255627], [79.9443054199218, 8.6606941223144], [79.9429168701175, 8.6537494659425], [79.9431915283205, 8.64569473266607], [79.9473648071291, 8.63430595397955], [79.9465255737305, 8.62958431243902], [79.9412536621093, 8.61680698394775], [79.9318084716797, 8.61041641235357], [79.9218063354494, 8.5976390838623], [79.9187469482421, 8.58902740478527], [79.9204177856448, 8.58097171783453], [79.9195861816407, 8.57041740417486], [79.9243087768556, 8.56547164917004], [79.9299468994143, 8.56344318389887], [79.9371871948245, 8.55735588073725], [79.9491882324219, 8.56072044372564], [79.9573211669922, 8.55335140228283], [79.9683380126953, 8.55124092102056], [79.977767944336, 8.55383872985846], [79.9906234741214, 8.54350757598883], [79.9959564208987, 8.54603290557873], [80.0009689331056, 8.54575729370123], [80.0119247436526, 8.53425216674805], [80.0228500366214, 8.5325202941894], [80.0324859619141, 8.5271368026734], [80.0345840454102, 8.52409362792969], [80.0503692626955, 8.52194690704351], [80.0516815185546, 8.59391498565685], [80.055305480957, 8.63698577880859], [80.0444335937499, 8.67323589324963], [80.0620269775392, 8.66404914855968], [80.0635833740235, 8.66077613830578], [80.0725173950197, 8.65898895263678], [80.0801086425781, 8.65363788604748], [80.0865707397462, 8.65624332427979], [80.0951156616214, 8.65239143371593], [80.1004791259768, 8.6537294387818], [80.1048660278323, 8.65058803558355], [80.1138153076175, 8.64943981170654], [80.2354049682619, 8.6804132461549], [80.2356414794922, 8.66806888580322], [80.2379913330081, 8.66338253021252], [80.2349014282229, 8.65915298461908], [80.2334365844728, 8.65208625793457], [80.2373886108399, 8.64586067199713], [80.2390365600586, 8.63733959198009], [80.237174987793, 8.62899398803722], [80.2406692504886, 8.62890529632563], [80.2499084472656, 8.61617755889898], [80.2533035278322, 8.61504077911383], [80.2596664428712, 8.61802196502691], [80.2744522094728, 8.61099338531506], [80.2738800048829, 8.60063171386724], [80.2783279418945, 8.59034442901611], [80.2817840576172, 8.59033679962153], [80.279724121094, 8.58460140228283], [80.2847061157229, 8.58121395111078], [80.2870712280275, 8.57170677185059], [80.2854995727542, 8.5684642791748], [80.2884979248049, 8.56056213378912], [80.3074722290041, 8.5544252395631], [80.3135147094729, 8.55067634582525], [80.3379669189454, 8.54620170593267], [80.3402328491214, 8.54766273498541], [80.3404388427736, 8.55580806732189], [80.3517761230469, 8.57278823852539], [80.3595581054689, 8.57598304748535], [80.3640899658204, 8.5740909576416], [80.3695907592776, 8.57501029968267], [80.3799896240234, 8.58378219604504], [80.3814620971679, 8.59137916564953], [80.378631591797, 8.59759616851812], [80.3827438354495, 8.60214519500732], [80.3789443969729, 8.61126422882091], [80.3809967041018, 8.62177085876476], [80.3854751586913, 8.62309455871582], [80.3994216918947, 8.63406467437756], [80.4105453491212, 8.65950393676769], [80.4161911010744, 8.6622257232666], [80.4219131469728, 8.66205024719244], [80.4242019653322, 8.67398357391369], [80.4277343750002, 8.6731395721435], [80.4444122314453, 8.68908977508539], [80.4513092041017, 8.69251346588135], [80.4689788818362, 8.68491744995112], [80.4869842529299, 8.66990375518799], [80.4972229003907, 8.66630268096924], [80.5067367553714, 8.65841674804693], [80.5135040283203, 8.65992832183844], [80.519714355469, 8.6587610244751], [80.5301818847659, 8.67277336120605], [80.545394897461, 8.67973232269293], [80.5506744384767, 8.68812084197992], [80.5699768066406, 8.70040988922125], [80.5698318481448, 8.7087450027467], [80.5736312866212, 8.71673965454113], [80.5892868041994, 8.72212409973145], [80.5940628051758, 8.72822475433361], [80.6012115478517, 8.74439525604242], [80.6184768676758, 8.75261592864996], [80.6237411499025, 8.76684665679926], [80.6339187622073, 8.77992534637451], [80.6513824462892, 8.79041767120356], [80.6531295776367, 8.7948455810548], [80.6512603759766, 8.80337047576904], [80.6371765136719, 8.81540203094482], [80.6270599365235, 8.83705997467041], [80.5995712280274, 8.84296321868896], [80.5923233032227, 8.8478794097901], [80.5953750610352, 8.86968421936029], [80.6460342407228, 8.86804962158209], [80.667533874512, 8.87138938903814], [80.676986694336, 8.87605190277111], [80.6921386718753, 8.88932132720947], [80.7118682861328, 8.89853572845465], [80.7259826660156, 8.89797496795654], [80.7530364990236, 8.90515232086182], [80.7621002197266, 8.93611621856701], [80.7698211669924, 8.93991756439215], [80.7746810913088, 8.9470472335816], [80.7819824218753, 8.94697570800787], [80.7881774902344, 8.95078468322754], [80.794906616211, 8.94848728179932], [80.8027114868166, 8.95291328430176], [80.8078842163087, 8.95210742950451], [80.8233337402344, 8.95677185058605], [80.8269729614261, 8.95568466186529], [80.8279418945315, 8.95913982391369], [80.8329391479492, 8.96151733398449], [80.8495254516601, 8.96157646179199], [80.8565063476565, 8.96060752868652], [80.8592453002931, 8.95813941955578], [80.8678512573244, 8.95977783203131], [80.8705215454103, 8.96397590637207], [80.8739242553712, 8.96473503112804], [80.8740615844727, 8.96842288970959], [80.8829727172852, 8.96949863433844], [80.8873062133791, 8.97309303283691], [80.8883895874026, 8.98015975952143], [80.8936386108398, 8.9814281463623], [80.8984222412109, 8.9788703918457], [80.9029006958011, 8.98361778259289], [80.9099121093752, 8.98578834533703], [80.9189758300783, 8.98420619964611], [80.9273605346681, 8.99088764190674], [80.9281921386719, 8.99319458007824], [80.9248580932618, 8.99319458007824], [80.924026489258, 8.99125099182129], [80.9193038940433, 8.99236106872564], [80.914863586426, 8.99013900756836], [80.9173583984376, 8.99763870239263], [80.9237518310549, 9.00291538238531], [80.9231948852541, 9.00902843475347], [80.9193038940433, 9.00874996185308], [80.919860839844, 9.01152801513683], [80.9165267944336, 9.01291561126709], [80.9162521362308, 9.00680637359613], [80.9126358032229, 9.00379657745373], [80.9104156494142, 9.00597190856928], [80.9093017578126, 8.99874877929699], [80.9070816040042, 8.99874877929699], [80.9045867919922, 9.00152683258057], [80.9020843505862, 9.00124931335449], [80.9048614501955, 9.00236225128174], [80.9040298461917, 9.00458431243902], [80.8945846557619, 9.0065279006958], [80.8943023681643, 9.00902843475347], [80.8873596191406, 9.01208209991455], [80.8859710693361, 9.01625061035162], [80.881805419922, 9.01875114440912], [80.882637023926, 9.02180480957043], [80.8806915283204, 9.02124881744396], [80.8762512207033, 9.024582862854], [80.8768081665038, 9.02763938903814], [80.8745803833008, 9.02819633483892], [80.8773574829103, 9.03319358825695], [80.8809738159183, 9.03208446502686], [80.8856964111329, 9.03736209869385], [80.8909759521484, 9.0384721755982], [80.8887481689454, 9.04402637481695], [80.8926391601562, 9.04986095428472], [80.9018020629885, 9.04763889312744], [80.9181976318359, 9.02847099304194], [80.9262466430666, 9.02263927459728], [80.9304199218752, 9.01375007629395], [80.9456939697267, 8.99736118316656], [80.9506912231446, 8.98791599273676], [80.958190917969, 8.98902893066401], [80.9609375000002, 8.99129581451427], [80.9637527465823, 8.9887514114381], [80.9640274047852, 8.99041652679443], [80.9376373291017, 9.03069305419928], [80.9140243530275, 9.0731954574585], [80.9115295410158, 9.08236122131342], [80.8845825195315, 9.12569522857666], [80.873474121094, 9.10986232757574], [80.8770828247071, 9.10180473327642], [80.8723602294925, 9.1043052673341], [80.8701400756838, 9.10874938964849], [80.8656921386722, 9.10986232757574], [80.8626403808597, 9.10819530487061], [80.864860534668, 9.11819362640381], [80.8715286254883, 9.1159715652467], [80.8720855712891, 9.11874961853027], [80.8665313720705, 9.12375068664545], [80.8631973266602, 9.13013935089111], [80.8654174804688, 9.1323614120484], [80.864585876465, 9.14069366455078], [80.860969543457, 9.14041805267345], [80.8576354980469, 9.14375019073492], [80.8706970214843, 9.14180564880371], [80.87264251709, 9.13624858856207], [80.8718032836917, 9.13041687011719], [80.8748626708987, 9.12986087799072], [80.8762512207033, 9.12708282470714], [80.8795852661135, 9.12652873992926], [80.8829193115236, 9.12930488586426], [80.8798599243163, 9.13152694702154], [80.864585876465, 9.16458415985102], [80.8534698486329, 9.19569396972662], [80.8431930541995, 9.23347282409679], [80.8206939697268, 9.26958274841309], [80.8151397705081, 9.2823600769043], [80.8145828247073, 9.28902912139893], [80.8118057250978, 9.29125118255621], [80.8084716796878, 9.29069519042974], [80.8101425170899, 9.29347324371332], [80.7918090820313, 9.31319522857672], [80.7423629760744, 9.34930515289318], [80.6715240478518, 9.4168062210083], [80.6712493896484, 9.41152763366699], [80.6748580932619, 9.40652656555181], [80.6815261840822, 9.40291690826427], [80.7079162597659, 9.37652683258062], [80.7023620605469, 9.37624931335449], [80.6834716796876, 9.3854160308839], [80.6804199218751, 9.39347267150879], [80.6629180908204, 9.40708446502691], [80.6637496948242, 9.41597175598145], [80.6668090820312, 9.41541576385498], [80.6687469482424, 9.41874980926519], [80.6656951904299, 9.42402744293219], [80.6243057250978, 9.45763874053955], [80.614585876465, 9.45458316802984], [80.616195678711, 9.44901084899914], [80.6129837036136, 9.44534778594982], [80.6073913574219, 9.44879913330084], [80.6142272949219, 9.4434289932251], [80.6095504760745, 9.42570209503185], [80.5996475219728, 9.41471004486095], [80.5950927734374, 9.4174537658692], [80.5864181518557, 9.40829181671148], [80.5863876342774, 9.40095520019537], [80.5840225219726, 9.39569473266607], [80.5861129760743, 9.39184093475347], [80.584197998047, 9.38189697265636], [80.5863952636719, 9.37629890441895], [80.5837326049805, 9.37091827392578], [80.5862121582032, 9.36276817321783], [80.5578842163087, 9.3783483505249], [80.5441360473636, 9.39115238189697], [80.5343322753907, 9.40451335906994], [80.5315628051759, 9.4051332473756], [80.5285110473634, 9.38995647430426], [80.529266357422, 9.37798118591314], [80.5183715820315, 9.3596591949464], [80.519012451172, 9.35093021392822], [80.5163497924806, 9.34554004669195], [80.4078369140625, 9.33953189849859], [80.4065170288086, 9.30801868438732], [80.3950195312502, 9.30101490020746], [80.3874130249025, 9.30014038085938], [80.321342468262, 9.30848121643072], [80.2793731689456, 9.29777431488048], [80.2641754150392, 9.30290222167974], [80.2337341308594, 9.29506874084473], [80.2135696411136, 9.27673530578613], [80.2165679931641, 9.24890518188471], [80.2202224731446, 9.23859405517584], [80.218132019043, 9.23406982421881], [80.1917495727539, 9.23725414276117], [80.1739807128908, 9.2248477935791], [80.1489868164064, 9.21108531951916], [80.1200485229493, 9.21172523498535], [80.1170806884768, 9.20947837829584], [80.1098632812499, 9.19763755798351], [80.1081924438477, 9.19708442687994], [80.1078796386719, 9.20041561126709], [80.1062469482424, 9.19902801513666], [80.1062469482424, 9.18291664123535], [80.1031951904299, 9.17902565002453], [80.1037521362304, 9.17486000061029], [80.1004180908204, 9.17097187042236], [80.1015243530273, 9.1631956100465], [80.0968017578127, 9.15430545806885], [80.0868072509767, 9.14624977111811], [80.0873641967775, 9.1423597335816], [80.0837478637697, 9.14097213745117], [80.0834732055665, 9.13513946533197], [80.0804138183594, 9.12958335876465], [80.0759735107422, 9.12652873992926], [80.0776367187502, 9.12041568756109], [80.0737533569339, 9.10624885559082], [80.0776367187502, 9.09847259521496], [80.0737533569339, 9.09735965728771], [80.0731964111331, 9.09291553497309], [80.0715255737304, 9.09236240386969], [80.0726394653323, 9.0859718322755], [80.0709686279299, 9.08569431304937], [80.0729141235352, 9.0809726715089], [80.0684738159179, 9.06541633605957], [80.0656967163087, 9.06041622161865], [80.0570831298828, 9.05319309234619], [80.0506973266604, 9.04097175598139], [80.0506973266604, 9.03569412231445], [80.0484695434572, 9.03430557250988], [80.0479202270508, 9.02986240386974], [80.0384750366214, 9.02041721344], [80.0404129028321, 9.01625061035162], [80.0359725952149, 9.0148601531983], [80.0279159545899, 9.01680660247814], [80.0134735107422, 9.01180553436274], [80.0040283203127, 9.00069332122803], [79.9909744262698, 8.99541664123535], [79.9915313720704, 8.99041652679443], [79.9862518310548, 8.97541809082037], [79.9770812988284, 8.97208309173584], [79.9723587036135, 8.9726390838623], [79.9673614501954, 8.96930503845226], [79.9540252685546, 8.95791625976574], [79.9534759521486, 8.9548597335816], [79.94596862793, 8.94708347320568], [79.9418029785157, 8.94569301605236], [79.9234695434573, 8.94736099243158], [79.9193038940431, 8.96152877807617], [79.9165267944337, 8.96152877807617], [79.9154129028323, 8.95763778686535], [79.9101409912111, 8.95597171783453], [79.9048614501955, 8.94847106933594], [79.9081954956058, 8.95930576324457], [79.9034729003907, 8.96180438995367], [79.8962478637697, 8.96069431304932], [79.8956909179689, 8.9684734344483], [79.9048614501955, 8.97124862670898], [79.9001388549805, 8.9726390838623], [79.9023590087892, 8.97764015197748], [79.9054183959963, 8.97791767120361], [79.9048614501955, 8.97569561004644], [79.9098587036133, 8.9762487411499], [79.9109725952148, 8.97430515289312], [79.9181976318361, 8.97652816772472], [79.9265289306643, 8.97597122192377], [79.9273605346681, 8.98180580139172], [79.9040298461917, 8.99402904510509], [79.8909759521485, 9.00514030456549], [79.8773574829101, 9.01930522918701], [79.8723602294925, 9.02930545806879], [79.8726425170898, 9.03347206115734], [79.8751373291016, 9.03430557250988], [79.9018020629885, 9.02319526672375], [79.9018020629885, 9.02152919769293], [79.905975341797, 9.02069473266607], [79.9176406860353, 9.00986003875744], [79.9265289306643, 9.00930595397955], [79.9276351928712, 9.01069355010998], [79.9126358032226, 9.02124881744396], [79.901252746582, 9.03514003753673], [79.9023590087892, 9.03736209869385], [79.85986328125, 9.07430458068859], [79.8432235717775, 9.08208084106445], [79.7837524414062, 9.10097312927246], [79.7390289306643, 9.10763931274414], [79.7273635864258, 9.10791683197027], [79.7020797729494, 9.10180473327642], [79.6945800781253, 9.09708213806164], [79.6973648071289, 9.09652900695801], [79.6965255737306, 9.09374999999994], [79.6906967163087, 9.09069442749029], [79.690971374512, 9.08791637420649], [79.6937484741212, 9.09125041961676], [79.6959686279296, 9.09069442749029], [79.6948623657228, 9.08791637420649], [79.6973648071289, 9.08874988555908], [79.6984710693361, 9.08236122131342], [79.6956939697268, 9.07874870300299], [79.7054138183596, 9.07930469512945], [79.7051391601564, 9.07763862609863], [79.7279129028321, 9.07458305358898], [79.7462463378907, 9.06875038146978], [79.7851409912112, 9.05180454254145], [79.8165283203127, 9.03263759613048], [79.860420227051, 8.99652671813971], [79.8718032836915, 8.98486232757568], [79.8845825195314, 8.96486091613764], [79.894027709961, 8.96263790130627], [79.8951416015625, 8.95791625976574], [79.8920822143556, 8.95541572570806], [79.8893051147462, 8.95736217498785], [79.901252746582, 8.94680500030512], [79.9048614501955, 8.94791793823254], [79.902084350586, 8.94152736663813], [79.9070816040042, 8.93875122070312], [79.9134216308595, 8.94152736663813], [79.9104156494141, 8.93847274780279], [79.9098587036133, 8.93124961853027], [79.9090270996095, 8.93486022949213], [79.9026412963869, 8.93875122070312], [79.8984756469729, 8.94597339630133], [79.8931961059572, 8.95041465759289], [79.9218063354494, 8.90875053405762], [79.9290313720704, 8.89486217498791], [79.9287490844727, 8.88625144958496], [79.9304199218752, 8.8856954574585], [79.9281921386721, 8.86874866485607], [79.931526184082, 8.86847114562994], [79.9329147338867, 8.87930583953857], [79.9351425170898, 8.87430572509771], [79.9331970214847, 8.86597347259533], [79.9284744262695, 8.85930538177485], [79.9273605346681, 8.86263942718512], [79.9293060302735, 8.86624908447266], [79.9268035888672, 8.86680507659912], [79.9204177856448, 8.84430599212646], [79.9193038940431, 8.83819484710693], [79.9212493896486, 8.83763885498047], [79.9184722900393, 8.83236122131348], [79.9193038940431, 8.82847309112555], [79.9156951904296, 8.8134708404541], [79.9181976318361, 8.80902671813971], [79.9193038940431, 8.81013870239263], [79.9173583984378, 8.81319332122803], [79.9226379394532, 8.81180477142345], [79.919860839844, 8.8093051910401], [79.9223632812499, 8.80819511413574], [79.9204177856448, 8.80541706085211]]], [[[80.8706970214843, 9.11236190795898], [80.86930847168, 9.11069583892834], [80.8723602294925, 9.1084709167481], [80.8706970214843, 9.11236190795898]]], [[[80.8751373291016, 9.11652755737316], [80.8709716796876, 9.11319446563721], [80.873474121094, 9.11208438873285], [80.8765258789065, 9.11513996124273], [80.8751373291016, 9.11652755737316]]], [[[80.8754196166995, 9.11874961853027], [80.8731918334963, 9.11708354949945], [80.8762512207033, 9.11680603027355], [80.8754196166995, 9.11874961853027]]], [[[80.8806915283204, 9.1251392364502], [80.8776397705079, 9.1220846176148], [80.8740310668946, 9.12263774871826], [80.8731918334963, 9.11958217620855], [80.8790283203126, 9.11985969543463], [80.8823623657228, 9.12375068664545], [80.8806915283204, 9.1251392364502]]]]}, "properties": {"electoralDistrictCode": "VAN", "electoralDistrict": "Vanni", "province": "Northern", "aramRegion": "northern", "district": "Vanni"}}, {"type": "Feature", "geometry": {"type": "Polygon", "coordinates": [[[80.9891281127931, 7.72169494628912], [80.9802627563477, 7.71609878540045], [80.972007751465, 7.71721792221069], [80.9487533569338, 7.71276712417603], [80.9425811767581, 7.71362876892096], [80.9376907348635, 7.71011400222778], [80.9278640747073, 7.70827484130859], [80.9250259399417, 7.70956277847296], [80.9219894409181, 7.70830202102661], [80.9065093994143, 7.71587419509893], [80.8835906982424, 7.71510601043707], [80.8819503784179, 7.69795083999639], [80.8769378662112, 7.67967176437389], [80.8713684082032, 7.68494081497204], [80.8702774047854, 7.68950176239014], [80.8608779907227, 7.6877880096435], [80.8555068969727, 7.69092607498175], [80.8526458740234, 7.69464778900158], [80.8549041748049, 7.69689321517956], [80.8530654907229, 7.701084136963], [80.8490676879885, 7.69879817962652], [80.846389770508, 7.69317579269415], [80.8419036865234, 7.69229221343994], [80.8399810791017, 7.68464708328253], [80.8368759155274, 7.6812858581543], [80.8253326416017, 7.67870807647711], [80.8208694458011, 7.67985200881952], [80.8092803955078, 7.67172002792358], [80.8047943115235, 7.67962884902954], [80.7844543457034, 7.67962598800665], [80.7788162231445, 7.67794179916388], [80.773811340332, 7.68400478363031], [80.7707672119142, 7.68380594253546], [80.7678527832034, 7.69133186340326], [80.7610473632814, 7.69562101364147], [80.7656326293947, 7.69517517089849], [80.7698364257814, 7.69049310684204], [80.773002624512, 7.69402790069591], [80.7744903564455, 7.70192480087286], [80.7737579345706, 7.70839118957525], [80.7696838378907, 7.71499919891352], [80.7638244628907, 7.73400020599365], [80.7636032104493, 7.77739906311035], [80.7658843994141, 7.78681898117071], [80.7611770629886, 7.79217910766607], [80.7687988281253, 7.80228281021124], [80.7764282226565, 7.80217981338507], [80.7816390991213, 7.80563497543346], [80.7844467163089, 7.80407190322882], [80.7856750488283, 7.8000631332398], [80.7956085205078, 7.80486297607428], [80.7934646606447, 7.8172631263734], [80.8023605346683, 7.82195615768433], [80.8078384399415, 7.84769010543823], [80.8110427856447, 7.85195398330694], [80.8099212646484, 7.86265182495112], [80.8134002685549, 7.88686084747326], [80.8194122314455, 7.90920782089239], [80.8196334838867, 7.924476146698], [80.8297576904297, 7.93991518020636], [80.834037780762, 7.95423316955572], [80.8393249511719, 7.95811414718634], [80.8533325195314, 7.96271085739136], [80.8400421142578, 7.97219419479381], [80.8255920410157, 7.97131919860846], [80.8205795288088, 7.97748708724987], [80.820495605469, 7.9808988571167], [80.8148040771486, 7.98350381851208], [80.7990722656251, 7.97657299041754], [80.7985382080079, 7.96062612533575], [80.7878646850589, 7.96246290206909], [80.7784194946291, 7.96823978424067], [80.7776184082031, 7.98068380355841], [80.7794876098636, 7.99481678009045], [80.7743682861329, 7.99853706359869], [80.7723236083986, 7.99559688568121], [80.7711181640626, 8.00049686431885], [80.7604827880861, 8.00675964355463], [80.7561111450197, 8.01235103607183], [80.7504348754883, 8.01129531860352], [80.7439117431641, 8.00604438781733], [80.7190475463868, 7.99901294708263], [80.7130126953125, 7.99153518676769], [80.7058792114261, 7.99182176589966], [80.6823043823242, 7.95668983459473], [80.6685485839845, 7.96343994140636], [80.6587066650393, 7.96009492874146], [80.6564788818362, 7.94833612442028], [80.6529235839845, 7.94665193557751], [80.6552124023439, 7.92506694793701], [80.6540908813477, 7.91524076461792], [80.6425933837892, 7.90960884094244], [80.6324462890628, 7.90015077590937], [80.6345748901367, 7.89455080032354], [80.6379013061524, 7.893874168396], [80.638984680176, 7.88852119445812], [80.6369857788087, 7.88643980026245], [80.6299133300784, 7.88583612442017], [80.6228790283206, 7.88261079788208], [80.6227645874025, 7.86856889724726], [80.615921020508, 7.86856412887579], [80.5998153686526, 7.85576295852661], [80.5930557250977, 7.85810279846197], [80.5902175903321, 7.86718797683727], [80.5759506225587, 7.86835479736334], [80.5703735351563, 7.86244297027588], [80.5691070556643, 7.85499191284191], [80.5652160644532, 7.84891796112061], [80.5244140625001, 7.82732105255133], [80.5078353881838, 7.82822608947765], [80.4999313354494, 7.82606077194225], [80.5010833740236, 7.81993913650507], [80.4990692138674, 7.81505489349365], [80.4943771362304, 7.80828619003296], [80.4959945678712, 7.7830438613891], [80.5007476806641, 7.77934312820435], [80.50309753418, 7.7737388610841], [80.5172729492187, 7.77266788482672], [80.5193176269534, 7.76034879684448], [80.5287399291994, 7.74405813217157], [80.5326232910157, 7.74229812622065], [80.5363464355468, 7.7371878623963], [80.5358200073242, 7.70872402191168], [80.5439453125003, 7.70834398269665], [80.5473861694337, 7.70612812042236], [80.5463104248047, 7.697991847992], [80.5480804443362, 7.68167781829845], [80.5524749755862, 7.6700491905213], [80.5516815185547, 7.66393899917603], [80.5476608276367, 7.6638321876527], [80.5450286865237, 7.66092777252209], [80.5497512817383, 7.64796018600458], [80.5488739013675, 7.64186286926275], [80.5548248291017, 7.63362693786615], [80.5645294189456, 7.63034486770636], [80.5662078857424, 7.61825418472301], [80.5757751464847, 7.60741186141968], [80.568473815918, 7.59520292282104], [80.5731658935549, 7.58606576919556], [80.5737457275392, 7.57563591003412], [80.5680541992188, 7.57477521896374], [80.5660095214846, 7.57164096832281], [80.5627212524414, 7.57253217697138], [80.5618286132813, 7.56873512268066], [80.5561752319335, 7.56324911117554], [80.5516052246093, 7.55046796798706], [80.5540084838868, 7.54373121261591], [80.5516662597656, 7.53825616836559], [80.5570068359375, 7.53639888763428], [80.5647888183595, 7.52267122268671], [80.5625152587892, 7.51430177688599], [80.568946838379, 7.51525497436529], [80.5684509277344, 7.51125478744513], [80.5729522705079, 7.50762176513672], [80.570281982422, 7.5003862380982], [80.5719985961915, 7.49456310272217], [80.5708312988284, 7.49121522903437], [80.5728607177735, 7.49104785919195], [80.5707778930666, 7.48551511764526], [80.575050354004, 7.47682189941412], [80.5695877075195, 7.4771962165832], [80.5640640258789, 7.46913719177252], [80.5655822753906, 7.45761108398449], [80.5718765258789, 7.45372295379639], [80.5744094848635, 7.44205617904669], [80.5731277465823, 7.4404678344726], [80.5788269042972, 7.43875789642334], [80.587745666504, 7.42831802368175], [80.5934448242188, 7.42821979522705], [80.5998535156249, 7.42066621780396], [80.6145019531253, 7.4143900871278], [80.6246643066408, 7.40192079544079], [80.6296539306642, 7.39879608154303], [80.6410522460937, 7.39659214019787], [80.6540145874025, 7.38460779190063], [80.671211242676, 7.38408184051508], [80.6824951171875, 7.38743209838873], [80.6983871459963, 7.38697195053112], [80.7008514404297, 7.39231586456293], [80.7060165405276, 7.39522218704235], [80.7081832885743, 7.40435886383062], [80.7067642211915, 7.41411209106445], [80.7091751098635, 7.42355585098272], [80.7121429443362, 7.42609310150158], [80.7011489868166, 7.45731687545782], [80.7061920166016, 7.46317911148083], [80.7183914184571, 7.46678876876837], [80.7277526855471, 7.47457313537603], [80.7309646606446, 7.47426891326916], [80.7329559326175, 7.471598148346], [80.7324905395508, 7.46460580825806], [80.7401733398438, 7.46341180801397], [80.7533264160157, 7.44861507415783], [80.7606658935549, 7.44870376586925], [80.764015197754, 7.44164085388189], [80.7738571166992, 7.43789386749279], [80.7786102294924, 7.43008422851568], [80.7853698730469, 7.43045282363903], [80.7902679443359, 7.42776823043829], [80.8018035888675, 7.43882179260254], [80.8083877563477, 7.44011020660395], [80.8069000244141, 7.44755315780634], [80.8203659057619, 7.45990896224976], [80.8314208984377, 7.46002721786505], [80.8397445678714, 7.4631109237672], [80.8501205444338, 7.47247123718262], [80.862693786621, 7.47476577758789], [80.8730697631837, 7.47000694274902], [80.878028869629, 7.46548318862926], [80.8866348266604, 7.47323513031], [80.8979644775392, 7.4748210906983], [80.9064865112305, 7.45858192443859], [80.9076080322266, 7.46390819549566], [80.9095230102541, 7.46493196487427], [80.9182128906252, 7.46144199371349], [80.9224853515626, 7.47366285324102], [80.9270248413086, 7.47564792633057], [80.9321517944338, 7.48145818710339], [80.9313354492189, 7.48779392242426], [80.9332809448244, 7.48932504653942], [80.942337036133, 7.4896030426026], [80.9454727172851, 7.48661088943487], [80.9598770141604, 7.48986577987682], [80.9643478393554, 7.48719406127935], [80.9742507934571, 7.4882020950318], [80.9733352661135, 7.52431201934809], [80.9711456298829, 7.53398513793957], [80.971733093262, 7.56658983230602], [80.9731826782227, 7.57775115966808], [80.9771347045898, 7.58524703979498], [80.97509765625, 7.59757518768311], [80.9792633056642, 7.61173820495605], [80.9779129028322, 7.62496089935308], [80.9816741943362, 7.64324188232422], [80.9946823120117, 7.66145277023315], [80.9928131103517, 7.67768478393555], [80.9875335693362, 7.68882703781139], [80.9926452636719, 7.69872283935541], [80.9891281127931, 7.72169494628912]]]}, "properties": {"electoralDistrictCode": "MTL", "electoralDistrict": "Matale", "province": "Central", "aramRegion": "hill-country", "district": "Matale"}}, {"type": "Feature", "geometry": {"type": "MultiPolygon", "coordinates": [[[[80.720413208008, 5.96180486679083], [80.7195816040042, 5.9604167938233], [80.7226409912112, 5.95958280563349], [80.720413208008, 5.96180486679083]]], [[[80.6700592041017, 6.30602788925171], [80.6696853637697, 6.31874799728399], [80.6751632690433, 6.32184505462646], [80.6708145141601, 6.32696199417109], [80.664474487305, 6.32730579376221], [80.6628036499023, 6.33189821243298], [80.6572265625003, 6.33719015121454], [80.6633605957032, 6.33977699279779], [80.6613082885744, 6.35376405715948], [80.6314010620118, 6.35147619247442], [80.6111602783203, 6.345871925354], [80.6065292358398, 6.35968112945562], [80.6095809936523, 6.36575317382818], [80.6175003051758, 6.37106990814215], [80.6156158447266, 6.38114786148083], [80.6200942993166, 6.38673877716076], [80.6207275390626, 6.39337778091442], [80.6188430786135, 6.39626121521002], [80.6143341064454, 6.39497280120861], [80.5969772338868, 6.39754009246838], [80.5787811279297, 6.39060878753673], [80.5711746215821, 6.39414596557629], [80.5653228759767, 6.3942990303039], [80.5549392700196, 6.38949012756353], [80.5496215820313, 6.39613580703747], [80.5452423095704, 6.39458417892456], [80.5446777343753, 6.38911390304571], [80.5338363647464, 6.38818407058722], [80.5337371826172, 6.37432384490961], [80.5133056640627, 6.36966419219971], [80.508773803711, 6.37078285217291], [80.5030899047852, 6.36742115020758], [80.4953079223636, 6.36757802963257], [80.4882659912111, 6.36391782760631], [80.482421875, 6.3667259216308], [80.4781188964847, 6.3651900291444], [80.4647598266604, 6.35181093215942], [80.4605255126954, 6.35151481628412], [80.4640579223632, 6.34421014785772], [80.4643554687502, 6.3386540412904], [80.4751815795898, 6.33023500442505], [80.4783630371093, 6.32341289520264], [80.4854888916016, 6.32126379013056], [80.4957427978517, 6.29963302612305], [80.4868621826174, 6.29193115234381], [80.4857330322266, 6.28451013565069], [80.4800720214843, 6.2862429618836], [80.4751434326174, 6.28038978576666], [80.4674453735354, 6.28187417984009], [80.4612884521485, 6.28950023651123], [80.4538269042969, 6.28810214996338], [80.4461135864259, 6.30134582519543], [80.4326477050781, 6.30755901336681], [80.4291381835939, 6.31551980972301], [80.4143524169922, 6.32330417633068], [80.4046325683594, 6.33373498916637], [80.3989562988284, 6.33358287811285], [80.3927612304689, 6.32912492752087], [80.3855438232422, 6.33131694793707], [80.3775024414064, 6.32507705688482], [80.3863906860354, 6.31010723114014], [80.3935317993164, 6.30336284637463], [80.4131927490234, 6.29286813735956], [80.4148712158205, 6.28534507751465], [80.4226303100589, 6.2761049270631], [80.4218978881835, 6.27271413803112], [80.4391784667971, 6.25462579727167], [80.4360351562502, 6.25212192535406], [80.43522644043, 6.24833822250366], [80.4412536621094, 6.24049377441418], [80.4409561157228, 6.23854494094854], [80.4355163574219, 6.23662090301508], [80.4399642944339, 6.22601413726812], [80.4267349243164, 6.21417903900158], [80.4207611083984, 6.21411895751959], [80.4157791137696, 6.21716022491466], [80.4078216552736, 6.21659183502197], [80.3927307128908, 6.22156476974482], [80.3868865966797, 6.21968698501587], [80.3844833374026, 6.22262477874756], [80.3833770751953, 6.22100877761835], [80.3867950439454, 6.21617984771729], [80.3922424316407, 6.2134308815003], [80.3978500366212, 6.2050919532777], [80.4031066894532, 6.19039392471313], [80.3878784179688, 6.18618392944342], [80.3917922973635, 6.17941713333136], [80.3909149169924, 6.17756891250605], [80.3961334228517, 6.17161798477184], [80.3912887573243, 6.16605710983282], [80.3856353759768, 6.1669158935548], [80.3846511840823, 6.16521120071423], [80.3825302124026, 6.15339422225964], [80.3862304687499, 6.13790988922131], [80.3894195556643, 6.13272905349731], [80.4003753662111, 6.12839412689209], [80.4052581787112, 6.11995506286615], [80.4060974121095, 6.1140451431275], [80.4129180908204, 6.10971021652227], [80.4205627441406, 6.11058521270746], [80.4237823486331, 6.10831499099731], [80.4229431152344, 6.1043839454652], [80.4388809204101, 6.09367609024048], [80.4366760253907, 6.08638477325439], [80.427490234375, 6.08303499221802], [80.4108428955078, 6.06907510757452], [80.409408569336, 6.06141996383678], [80.4047012329104, 6.05293416976934], [80.3990783691406, 6.05156517028814], [80.3942337036134, 6.05763196945196], [80.3893051147463, 6.05461883544922], [80.3915786743163, 6.0339097976684], [80.3962860107425, 6.03090381622314], [80.4121093750001, 6.03225994110113], [80.4139175415041, 6.02911281585699], [80.4168777465821, 6.02848577499384], [80.4232864379883, 6.01868104934704], [80.4123229980472, 6.01546478271496], [80.4111251831055, 6.01160717010498], [80.3987350463869, 6.01314496994019], [80.3905944824222, 6.00791883468639], [80.3867111206055, 5.99224281311047], [80.3818664550783, 5.98325204849255], [80.3854675292968, 5.97189521789551], [80.3848648071292, 5.96486186981201], [80.3909759521487, 5.96486186981201], [80.4095840454102, 5.9570832252503], [80.4129180908204, 5.9587488174439], [80.4176406860352, 5.95513916015631], [80.4206924438477, 5.95819520950323], [80.4226379394534, 5.96624994277954], [80.427360534668, 5.97180604934704], [80.4376373291016, 5.97319412231457], [80.4548645019534, 5.96347093582165], [80.4512481689456, 5.95625114440929], [80.4523620605472, 5.94930696487421], [80.4506912231446, 5.94708395004284], [80.4451370239261, 5.94736003875738], [80.4523620605472, 5.94180583953857], [80.4546432495118, 5.9412569999696], [80.4548645019534, 5.94402790069591], [80.4587478637697, 5.9451379776001], [80.4718093872071, 5.93764019012457], [80.4837493896484, 5.93680620193493], [80.4954147338868, 5.94013977050776], [80.5045852661133, 5.9370841979981], [80.5226364135744, 5.93541812896729], [80.5373611450195, 5.93986177444464], [80.5381927490237, 5.94485998153692], [80.5415267944338, 5.94624996185303], [80.5384750366213, 5.94152784347546], [80.5426406860351, 5.9431939125061], [80.5565261840823, 5.94208383560192], [80.577362060547, 5.93541812896729], [80.5843048095704, 5.92819499969477], [80.5854187011719, 5.92263793945312], [80.5837478637698, 5.92013788223267], [80.5915298461914, 5.91847181320202], [80.5948638916018, 5.92097187042248], [80.5929183959962, 5.92180395126348], [80.5945816040039, 5.92652893066412], [80.5973587036134, 5.92458295822138], [80.6012496948242, 5.92513895034784], [80.6015243530276, 5.92736101150518], [80.6043090820312, 5.92625093460083], [80.6118087768555, 5.92958307266247], [80.6129150390626, 5.93291711807251], [80.6156921386718, 5.93013906478893], [80.6193084716796, 5.93208312988293], [80.6170806884766, 5.93764019012457], [80.6212463378908, 5.93847179412853], [80.6223602294921, 5.94235992431646], [80.6209716796878, 5.94347190856945], [80.6229171752931, 5.94597196578985], [80.6287536621094, 5.9476380348205], [80.6298599243164, 5.9451379776001], [80.6329193115234, 5.94708395004284], [80.6340255737306, 5.9451379776001], [80.6362533569339, 5.94819402694696], [80.6370849609377, 5.94541597366339], [80.6401367187502, 5.94430589675903], [80.6429138183597, 5.95152616500866], [80.6498641967775, 5.95541715621948], [80.6726379394534, 5.95958280563349], [80.6868057250979, 5.95847320556641], [80.6879196166995, 5.9626398086549], [80.690971374512, 5.96374893188477], [80.6990280151368, 5.96347093582165], [80.6993026733399, 5.95902681350719], [80.7070846557619, 5.95958280563349], [80.7070846557619, 5.9626398086549], [80.7093048095706, 5.96208286285412], [80.7093048095706, 5.95986080169683], [80.7170867919922, 5.95986080169683], [80.71875, 5.96124887466431], [80.7190246582034, 5.97013807296764], [80.7229156494142, 5.97291612625122], [80.7220840454104, 5.97680711746222], [80.7240905761719, 5.97880077362061], [80.7126541137696, 5.98822307586681], [80.7029190063477, 5.99318218231213], [80.6998291015627, 5.9936900138855], [80.698356628418, 5.9909811019898], [80.6883163452151, 5.99066781997686], [80.6895904541016, 5.99474287033092], [80.6868743896486, 6.00858879089355], [80.6970138549805, 6.01264810562145], [80.6985549926758, 6.01849412918091], [80.6948471069335, 6.0204610824585], [80.6917419433597, 6.02651882171625], [80.666603088379, 6.02526283264154], [80.6638107299805, 6.03893089294434], [80.6550369262695, 6.04314279556286], [80.6615295410156, 6.05235099792486], [80.6723937988281, 6.05450677871715], [80.6777420043945, 6.06042814254772], [80.6830139160156, 6.06291484832764], [80.6879043579102, 6.05956697463989], [80.6921157836917, 6.06323385238653], [80.6932983398439, 6.06892204284674], [80.6904144287112, 6.07168912887585], [80.6937484741211, 6.07372713088989], [80.6936721801761, 6.0757479667663], [80.6820449829103, 6.08950519561773], [80.683433532715, 6.09545803070074], [80.6801528930663, 6.10211086273193], [80.6841964721681, 6.10876178741461], [80.6959762573243, 6.11550998687744], [80.6941070556642, 6.1206631660462], [80.6870727539062, 6.1238222122193], [80.6637649536135, 6.11921787261974], [80.660499572754, 6.12850379943848], [80.6540756225586, 6.1328701972962], [80.6480712890628, 6.13341093063354], [80.6465606689456, 6.14080381393433], [80.6550903320315, 6.14871978759771], [80.6568145751954, 6.15230178833019], [80.6559906005859, 6.15620183944708], [80.6622772216797, 6.16638517379761], [80.6601562500002, 6.17361879348749], [80.6518173217774, 6.16931581497198], [80.6370849609377, 6.17004489898682], [80.6353683471681, 6.17096376419067], [80.6348037719728, 6.17678499221807], [80.628776550293, 6.18131399154674], [80.6192855834964, 6.18261003494268], [80.6114807128907, 6.18854999542248], [80.6118392944339, 6.19250917434692], [80.6082687377931, 6.19956684112555], [80.6109924316407, 6.20720720291143], [80.625213623047, 6.22449588775646], [80.6251449584963, 6.23044681549084], [80.62850189209, 6.23995113372797], [80.6385498046878, 6.25262498855602], [80.6449813842776, 6.25693321228027], [80.6622772216797, 6.26145219802851], [80.6527328491213, 6.27096080780029], [80.6543045043946, 6.2765040397644], [80.6636199951172, 6.28728580474865], [80.6633911132814, 6.29306411743175], [80.6566772460939, 6.30260181427013], [80.6700592041017, 6.30602788925171]]]]}, "properties": {"electoralDistrictCode": "MTR", "electoralDistrict": "Matara", "province": "Southern", "aramRegion": null, "district": "Matara"}}, {"type": "Feature", "geometry": {"type": "Polygon", "coordinates": [[[81.6081008911135, 6.57884883880627], [81.6175079345704, 6.69663715362555], [81.6191406249999, 6.75608587265026], [81.6281204223635, 6.8707270622254], [81.6287460327148, 6.91300296783453], [81.6371536254883, 6.96004915237427], [81.6177520751956, 6.97906780242926], [81.6209335327149, 6.99837923049927], [81.6138763427735, 7.00373506546021], [81.6125869750977, 7.01637077331554], [81.6071701049806, 7.02588605880732], [81.6114959716798, 7.0416688919068], [81.619239807129, 7.0491828918457], [81.6141586303714, 7.06845092773443], [81.5961227416992, 7.06962490081798], [81.589309692383, 7.07458877563477], [81.57967376709, 7.07633686065674], [81.5733413696292, 7.08132600784296], [81.559829711914, 7.08201885223389], [81.539405822754, 7.09009790420532], [81.5364761352541, 7.09477519989014], [81.5331726074219, 7.09035778045654], [81.5211105346679, 7.09747123718256], [81.5154113769533, 7.10299777984625], [81.5157089233401, 7.1089510917663], [81.5113296508792, 7.11785984039312], [81.5130844116212, 7.12556219100964], [81.5111236572266, 7.131012916565], [81.5134048461915, 7.13630104064941], [81.5003433227541, 7.14891576766968], [81.5001449584963, 7.15481376647955], [81.5114440917969, 7.18207311630249], [81.5148086547851, 7.18418979644775], [81.5224227905275, 7.1976141929627], [81.541976928711, 7.21362686157227], [81.5530929565433, 7.21758413314831], [81.5450134277344, 7.23048591613781], [81.5421066284181, 7.23308181762695], [81.5381393432617, 7.23320293426508], [81.5339813232422, 7.24003076553345], [81.5230712890625, 7.24291181564342], [81.5275650024417, 7.25357580184931], [81.5239486694337, 7.26276302337652], [81.5241699218752, 7.27053308486938], [81.5176391601565, 7.2804679870606], [81.5174484252933, 7.28244590759289], [81.5206527709962, 7.28473901748669], [81.5188217163085, 7.29030704498297], [81.5125122070314, 7.29834318161005], [81.4977188110352, 7.30435085296637], [81.4790115356445, 7.32471323013317], [81.4797668457031, 7.32797622680675], [81.4907989501955, 7.33781814575195], [81.4798507690433, 7.37897396087658], [81.4724044799805, 7.39298391342169], [81.4726409912111, 7.40540313720703], [81.4770965576172, 7.42167186737061], [81.4649963378909, 7.42552280426031], [81.4620056152345, 7.43039178848272], [81.4788436889649, 7.45469903945934], [81.456367492676, 7.45843410491943], [81.436279296875, 7.44356679916388], [81.4248275756838, 7.4415431022644], [81.4218978881839, 7.43578195571899], [81.4075241088868, 7.43313980102539], [81.4089279174808, 7.4224328994751], [81.4057083129882, 7.41665697097784], [81.4002838134768, 7.41555404663097], [81.3888320922852, 7.40788698196411], [81.3749847412111, 7.41040086746227], [81.3736877441408, 7.39762210845947], [81.3803329467775, 7.38779878616344], [81.3814163208008, 7.37751579284668], [81.3863906860354, 7.37086677551281], [81.3744812011719, 7.35851716995239], [81.3651504516602, 7.35748720169079], [81.3631286621097, 7.35229015350342], [81.3670425415039, 7.34345579147345], [81.3545379638675, 7.33745098114019], [81.3444976806642, 7.33557891845703], [81.3242416381839, 7.33412122726435], [81.3206634521486, 7.33751678466797], [81.3213272094729, 7.3333888053894], [81.3192520141604, 7.33298778533936], [81.3215637207034, 7.32746791839611], [81.3180541992188, 7.31290388107311], [81.3250427246095, 7.29911279678345], [81.3189926147461, 7.27791976928711], [81.3229827880859, 7.26307582855225], [81.305114746094, 7.25741720199591], [81.2942886352542, 7.2462210655213], [81.2854843139649, 7.24056005477917], [81.2843246459963, 7.24349594116222], [81.2865982055665, 7.24855995178228], [81.2774353027344, 7.25543785095215], [81.2791595458985, 7.26152420043945], [81.2705154418947, 7.27690076827997], [81.2645568847657, 7.27868318557751], [81.2446289062501, 7.26881694793713], [81.2315444946292, 7.26762914657598], [81.2307891845704, 7.26013803482056], [81.2354507446289, 7.24703693389893], [81.2359237670901, 7.23948907852179], [81.2247390747072, 7.22962188720709], [81.2069244384768, 7.20154809951788], [81.199806213379, 7.19509792327892], [81.1886520385742, 7.19108200073237], [81.1906051635744, 7.18639183044434], [81.1865463256837, 7.18186807632458], [81.187110900879, 7.17563199996954], [81.1852645874025, 7.17254400253296], [81.1748199462891, 7.16929578781139], [81.1688461303713, 7.17317295074469], [81.1643753051761, 7.17350101470947], [81.1603469848635, 7.17849922180176], [81.154411315918, 7.19361877441418], [81.1520614624025, 7.1947741508485], [81.140396118164, 7.18831777572632], [81.1370697021487, 7.17753696441656], [81.1238708496094, 7.16452407836925], [81.1220779418946, 7.15440416336065], [81.1253128051759, 7.15126085281372], [81.1271057128906, 7.14520311355597], [81.1330490112305, 7.13850021362305], [81.1416473388674, 7.13696002960205], [81.143867492676, 7.12999677658092], [81.1480102539064, 7.12805509567261], [81.1589660644531, 7.11417722702032], [81.1687393188479, 7.08411312103283], [81.1752014160157, 7.08668184280396], [81.1814651489258, 7.08470821380627], [81.1876907348634, 7.08590888977062], [81.1889190673829, 7.09339904785162], [81.1912155151368, 7.09458780288696], [81.199317932129, 7.09372186660767], [81.2065887451171, 7.09548377990723], [81.2096328735351, 7.09347581863403], [81.2128372192386, 7.09671211242681], [81.2190704345704, 7.08064222335815], [81.2292785644531, 7.08438682556158], [81.2416610717775, 7.0531988143922], [81.246192932129, 7.02231216430664], [81.2448272705079, 7.00894117355347], [81.242301940918, 7.00696182250988], [81.2368927001954, 6.99245309829723], [81.2318496704102, 6.98863077163708], [81.2345046997071, 6.97806978225714], [81.2343292236329, 6.9657349586488], [81.2257843017579, 6.96210908889765], [81.2225875854493, 6.96310281753551], [81.2202758789065, 6.96019220352173], [81.2211685180665, 6.95215988159185], [81.2227172851565, 6.94982385635387], [81.2271881103515, 6.94886684417736], [81.2264480590822, 6.94570112228399], [81.2209930419924, 6.94256305694591], [81.209396362305, 6.94225311279308], [81.2067031860352, 6.9397959709168], [81.2017059326172, 6.93233394622803], [81.2078170776368, 6.92639493942272], [81.2037963867188, 6.92141723632824], [81.1869583129885, 6.92126512527466], [81.1828460693362, 6.92882204055792], [81.1799621582032, 6.92518901824951], [81.1767425537112, 6.90451288223267], [81.1728515625002, 6.90114688873291], [81.1672363281253, 6.90024614334106], [81.1658630371094, 6.89669322967541], [81.1614151000978, 6.89658784866339], [81.1591567993164, 6.89062213897711], [81.1294250488282, 6.87986898422241], [81.120246887207, 6.87289381027233], [81.1125640869142, 6.87257480621344], [81.109962463379, 6.86324501037603], [81.1179580688477, 6.86197280883795], [81.1246643066407, 6.8535008430481], [81.1329421997071, 6.84788322448736], [81.1381607055664, 6.84045314788818], [81.1374282836915, 6.8387122154237], [81.1315536499024, 6.83329677581798], [81.1185607910157, 6.82925987243664], [81.105537414551, 6.83085584640509], [81.0965881347656, 6.82790422439587], [81.0940856933595, 6.82386779785156], [81.0950088500976, 6.81741285324091], [81.0988845825195, 6.8124680519104], [81.0935592651368, 6.80906677246099], [81.0861434936526, 6.80706787109375], [81.0800018310547, 6.81412887573254], [81.0657653808597, 6.81374597549444], [81.0635223388673, 6.78829479217535], [81.0611114501953, 6.78282499313354], [81.0648422241214, 6.76175880432135], [81.0545578002931, 6.74887084960938], [81.0515213012695, 6.7390451431275], [81.0560379028323, 6.73453283309948], [81.0622711181641, 6.73719882965099], [81.0710525512696, 6.73746585845947], [81.0849914550782, 6.72802114486694], [81.0792770385744, 6.71882295608526], [81.0779953002933, 6.70733308792114], [81.0647430419922, 6.69981718063366], [81.0609817504883, 6.65153789520269], [81.0648269653323, 6.63317489624018], [81.0842056274415, 6.61686515808105], [81.0862197875978, 6.6096310615539], [81.0763778686523, 6.61118078231806], [81.062225341797, 6.59923601150507], [81.0605850219729, 6.5868930816651], [81.0624237060549, 6.57846879959106], [81.0546798706057, 6.58304500579845], [81.0487060546875, 6.58401203155518], [81.0407714843751, 6.59061384201061], [81.0337753295898, 6.58354902267467], [81.0250778198243, 6.57323122024536], [81.0262985229495, 6.56732797622692], [81.0227355957033, 6.54216909408575], [81.0176696777346, 6.55050802230841], [80.9956359863281, 6.57509994506842], [80.9989166259767, 6.589928150177], [80.9949340820312, 6.60025119781506], [80.9996719360353, 6.61008977890015], [80.9992980957033, 6.61502408981329], [80.9909286499023, 6.62059402465815], [80.9843292236331, 6.61955881118786], [80.9813079833986, 6.61625909805292], [80.9790344238281, 6.61705493927002], [80.9767379760743, 6.62282323837275], [80.9796371459963, 6.63529682159418], [80.976402282715, 6.64498805999762], [80.9702224731448, 6.650302886963], [80.9689331054687, 6.65445995330822], [80.9587478637696, 6.65180492401134], [80.9534301757815, 6.65515899658214], [80.9518966674808, 6.67187023162836], [80.9396057128906, 6.67867279052729], [80.9400787353518, 6.69040393829357], [80.9301452636719, 6.69134998321545], [80.9280166625977, 6.68757295608526], [80.9126892089845, 6.67184305191051], [80.9120864868163, 6.66689491271967], [80.9070968627933, 6.6584529876709], [80.9073944091797, 6.65478992462158], [80.9037017822265, 6.65062904357922], [80.9054107666015, 6.64647579193115], [80.9036178588869, 6.63899087905889], [80.8982620239258, 6.63741397857672], [80.8905181884767, 6.63139009475708], [80.8852157592775, 6.61816215515131], [80.8811874389648, 6.61328697204596], [80.8755950927735, 6.61063194274908], [80.8785781860352, 6.60616302490246], [80.875686645508, 6.60139513015747], [80.8766326904299, 6.59389400482183], [80.8696060180664, 6.59283208847057], [80.8693466186525, 6.58693981170666], [80.8724594116213, 6.58191919326794], [80.8660812377933, 6.57934904098511], [80.8669509887695, 6.57395601272594], [80.860794067383, 6.56040382385265], [80.8634872436525, 6.55634498596197], [80.8636016845706, 6.54967021942139], [80.8536376953127, 6.53177213668835], [80.8487472534181, 6.52839183807384], [80.8394241333007, 6.51637411117559], [80.8278427124023, 6.49011421203613], [80.8305664062502, 6.48835182189953], [80.8324356079102, 6.47572278976446], [80.8387298583985, 6.46071720123291], [80.8430709838869, 6.45607709884649], [80.8393096923829, 6.44929218292248], [80.8403472900393, 6.4416179656983], [80.8362045288088, 6.44045782089245], [80.842758178711, 6.43394899368298], [80.8379516601562, 6.42695379257202], [80.838577270508, 6.42211818695068], [80.8426742553713, 6.41688013076788], [80.8444061279299, 6.40703678131115], [80.8432617187502, 6.40405607223511], [80.8401107788087, 6.40443181991571], [80.838790893555, 6.40174198150629], [80.8460235595704, 6.39265823364252], [80.8472137451175, 6.38617992401123], [80.8532333374024, 6.38357496261602], [80.8554611206056, 6.37406921386713], [80.8625106811525, 6.36975002288824], [80.8653945922853, 6.35698223114014], [80.8970108032228, 6.34925794601446], [80.9029693603517, 6.34385490417492], [80.9023971557619, 6.33735179901123], [80.9092712402345, 6.33256387710571], [80.9060211181642, 6.32738590240479], [80.9065551757812, 6.32202482223511], [80.9128265380862, 6.31461095809937], [80.9199142456054, 6.29580593109142], [80.9291687011721, 6.30334520339972], [80.9560623168948, 6.31372404098522], [80.9653015136718, 6.31966400146496], [80.9679489135745, 6.32539081573486], [80.9825134277345, 6.32831287384039], [81.0181732177736, 6.34469795227062], [81.0225524902345, 6.35891723632818], [81.0150375366214, 6.36870193481451], [81.0074615478515, 6.36918687820446], [81.0082702636719, 6.38777589797985], [81.0132293701172, 6.39599418640137], [81.0370178222656, 6.39129495620722], [81.0494384765627, 6.40679788589478], [81.0487518310547, 6.41335201263428], [81.0512313842774, 6.41744613647472], [81.0490646362306, 6.42177820205688], [81.0506210327148, 6.42204904556274], [81.0545501708986, 6.41529178619379], [81.06160736084, 6.41131877899181], [81.0672912597659, 6.41388607025158], [81.0709075927735, 6.42380189895641], [81.0738372802734, 6.42248916625982], [81.0890960693359, 6.4241299629212], [81.1012344360352, 6.41828918457043], [81.1104888916017, 6.4209299087525], [81.1368637084962, 6.42105579376232], [81.1378402709963, 6.4144167900086], [81.142272949219, 6.40946912765503], [81.14461517334, 6.39752817153942], [81.1467590332031, 6.39650678634644], [81.1478500366213, 6.39890289306641], [81.1504592895511, 6.39900684356689], [81.1568908691407, 6.39257097244268], [81.1651382446292, 6.39312982559204], [81.1701126098636, 6.40282011032116], [81.1766738891603, 6.4031867980957], [81.181411743164, 6.40626907348633], [81.1842651367187, 6.40548181533825], [81.1902160644533, 6.40171718597412], [81.1915664672852, 6.39500522613531], [81.1964645385743, 6.39074277877813], [81.1974716186525, 6.38681602478027], [81.2033843994142, 6.38327217102045], [81.2035446166994, 6.37841081619263], [81.2109909057619, 6.36720418930054], [81.2243652343752, 6.35776376724243], [81.2210845947265, 6.34951591491705], [81.2255783081057, 6.344714164734], [81.2296676635742, 6.34481620788586], [81.2353134155274, 6.34140491485596], [81.2457427978516, 6.34337615966797], [81.2535171508791, 6.34083700180054], [81.2630767822267, 6.34610605239868], [81.2734985351565, 6.3550701141358], [81.275459289551, 6.36632204055786], [81.278419494629, 6.36909580230724], [81.2890853881838, 6.37303876876831], [81.2980194091797, 6.37350606918341], [81.312469482422, 6.38001489639288], [81.3169860839847, 6.37533187866211], [81.3273696899414, 6.3822917938233], [81.3320617675784, 6.37976884841919], [81.3405761718751, 6.38221883773804], [81.3519592285158, 6.38975000381475], [81.3672637939454, 6.39056777954096], [81.3732604980472, 6.39811182022095], [81.383987426758, 6.39847421646124], [81.3933258056642, 6.41469001770031], [81.3987503051758, 6.41385793685924], [81.4007797241213, 6.4063987731933], [81.4199371337893, 6.40924119949352], [81.420379638672, 6.41182518005371], [81.4243850708009, 6.41234922409069], [81.4275665283205, 6.41805601120006], [81.4363555908204, 6.41675519943243], [81.4370269775392, 6.41930818557739], [81.4396972656252, 6.41989278793341], [81.4449005126954, 6.41818380355841], [81.4481430053712, 6.41374397277843], [81.4610137939454, 6.41333389282232], [81.4667282104493, 6.40712785720837], [81.4720764160157, 6.40813493728638], [81.4797973632813, 6.41928291320812], [81.4778900146485, 6.42884397506714], [81.4791412353515, 6.43948316574102], [81.47624206543, 6.44882488250738], [81.4841842651368, 6.4579439163208], [81.4861679077151, 6.46429109573359], [81.4792938232425, 6.47309494018566], [81.4805221557619, 6.4772391319276], [81.478370666504, 6.48680019378662], [81.4821014404297, 6.49584817886353], [81.487258911133, 6.49799013137823], [81.4903717041018, 6.50235319137579], [81.5021133422852, 6.51071214675915], [81.5239868164064, 6.51967191696173], [81.53288269043, 6.53586721420294], [81.5390319824218, 6.53815078735363], [81.5469360351563, 6.53645277023327], [81.5652313232422, 6.55451107025146], [81.5810928344727, 6.55075883865368], [81.5867004394532, 6.55551290512091], [81.588722229004, 6.56084012985229], [81.5936050415041, 6.56258821487427], [81.5997238159181, 6.56126594543457], [81.6048660278322, 6.5688009262085], [81.6081008911135, 6.57884883880627]]]}, "properties": {"electoralDistrictCode": "MON", "electoralDistrict": "Monaragala", "province": "Uva", "aramRegion": "hill-country", "district": "Monaragala"}}, {"type": "Feature", "geometry": {"type": "Polygon", "coordinates": [[[80.9470138549806, 7.20036697387707], [80.9417343139649, 7.20202016830444], [80.9277343749999, 7.19961977005005], [80.9172668457033, 7.20242786407476], [80.9075469970705, 7.19915008544933], [80.898490905762, 7.19893789291376], [80.8925094604492, 7.18774080276501], [80.8857574462892, 7.18078279495245], [80.8809356689454, 7.18392610549938], [80.8819656372072, 7.19261407852184], [80.8804321289062, 7.19453096389776], [80.8748626708987, 7.19491815567028], [80.8675079345703, 7.19204616546642], [80.8613357543946, 7.19428396224981], [80.8513870239261, 7.19021177291864], [80.8378448486331, 7.19443321228027], [80.8231506347659, 7.19440317153936], [80.8159942626955, 7.19827795028687], [80.8104400634767, 7.19843196868896], [80.8026885986329, 7.20450401306152], [80.8021621704102, 7.22574996948254], [80.788627624512, 7.2367901802063], [80.7832336425782, 7.24754285812378], [80.7779617309573, 7.24900388717651], [80.7600708007812, 7.2691907882691], [80.7545471191406, 7.27393102645885], [80.7521743774416, 7.27360486984264], [80.7504348754883, 7.26996803283703], [80.7558822631835, 7.2544898986817], [80.7529754638675, 7.25117921829229], [80.7608489990236, 7.23940706253063], [80.7666778564454, 7.23680877685547], [80.764472961426, 7.23333501815807], [80.7657852172853, 7.23011207580578], [80.7645416259766, 7.22684907913202], [80.7694015502931, 7.22259998321533], [80.7689208984376, 7.21725082397461], [80.7662124633791, 7.21517705917364], [80.7708740234376, 7.19833707809454], [80.76619720459, 7.19541692733765], [80.7642898559572, 7.19133090972912], [80.7438507080079, 7.17041492462164], [80.7391281127931, 7.16179323196423], [80.729949951172, 7.1587438583374], [80.7241210937501, 7.15064096450806], [80.7211456298829, 7.13912916183483], [80.7151031494142, 7.13505697250366], [80.7100982666015, 7.12577104568487], [80.6975936889649, 7.11292600631725], [80.6882247924805, 7.092113018036], [80.6778030395508, 7.09366512298595], [80.6638107299805, 7.10182714462286], [80.6485595703125, 7.10292100906383], [80.6378402709963, 7.09929180145275], [80.6330337524415, 7.08527803421032], [80.6271057128909, 7.07925415039062], [80.6137008666994, 7.07616806030279], [80.608840942383, 7.07728290557861], [80.5963897705081, 7.07541799545294], [80.5943298339843, 7.07775020599371], [80.5858917236331, 7.07717084884655], [80.5778961181643, 7.07436323165894], [80.574203491211, 7.0762619972229], [80.5715637207032, 7.08198499679565], [80.5610809326175, 7.07675218582159], [80.5542678833007, 7.08164978027355], [80.5526123046875, 7.07882118225109], [80.5430984497071, 7.07575082778936], [80.5412216186526, 7.0733847618103], [80.539291381836, 7.06194591522217], [80.5427169799805, 7.06324815750133], [80.5455017089843, 7.06200599670416], [80.5495758056641, 7.0655131340028], [80.5520782470704, 7.06495714187633], [80.5592727661135, 7.05412197113043], [80.559753417969, 7.04888677597057], [80.5620346069339, 7.04790496826183], [80.5617752075195, 7.04028797149658], [80.5730972290042, 7.03033304214483], [80.5749816894534, 7.02530717849743], [80.585273742676, 7.0194177627564], [80.5901870727539, 7.00810384750372], [80.6027679443359, 6.99450922012329], [80.6014404296875, 6.99069404602056], [80.5940780639651, 6.98578500747692], [80.5927810668946, 6.9729461669923], [80.58952331543, 6.96487092971807], [80.5777053833011, 6.95940113067627], [80.577964782715, 6.94437503814709], [80.5671997070315, 6.94528388977056], [80.564033508301, 6.93898296356207], [80.5531387329103, 6.94049119949341], [80.5400772094729, 6.96197700500488], [80.5158843994143, 6.98221302032482], [80.5130386352542, 6.99667215347301], [80.5055084228516, 7.00722885131836], [80.5033645629885, 7.01439714431768], [80.4970550537109, 7.01982116699224], [80.4989013671878, 7.02407598495495], [80.4974594116213, 7.02606821060181], [80.4890670776369, 7.02604103088373], [80.4733963012695, 7.03730010986328], [80.4634475708011, 7.02839994430548], [80.4643325805665, 7.02435684204113], [80.468101501465, 7.0242590904237], [80.4660873413087, 7.02219104766851], [80.4673690795899, 7.01711988449091], [80.4641876220706, 7.01345777511608], [80.4604949951172, 7.01267814636236], [80.4567337036133, 7.00648784637451], [80.4514770507814, 7.00309181213385], [80.4502258300782, 6.99930715560919], [80.4375610351564, 6.99810600280756], [80.4330520629883, 6.99261093139654], [80.4323730468751, 6.98572111129772], [80.4360809326172, 6.98412084579468], [80.4401702880862, 6.97602987289429], [80.4440536499025, 6.97464609146124], [80.4455642700197, 6.96544981002813], [80.4376296997071, 6.95577716827393], [80.4391860961915, 6.94469881057751], [80.4375305175782, 6.92258596420288], [80.4344100952151, 6.9219322204591], [80.4329910278322, 6.91360378265392], [80.4350967407228, 6.91135311126709], [80.4428100585938, 6.91069221496582], [80.4482574462892, 6.90679407119751], [80.4547729492188, 6.90613985061651], [80.4600524902343, 6.90020084381104], [80.4673690795899, 6.90178489685053], [80.4735107421877, 6.89812183380138], [80.4800415039065, 6.89852094650269], [80.4864654541016, 6.89323997497559], [80.4913177490236, 6.89319181442272], [80.4980010986328, 6.88696622848511], [80.4980392456056, 6.88053178787243], [80.4947891235353, 6.87584781646734], [80.4949340820314, 6.87174797058111], [80.5001525878906, 6.86553096771252], [80.5004196166993, 6.85732984542847], [80.5093536376954, 6.85282182693487], [80.5114440917969, 6.84750699996948], [80.5037994384766, 6.83565092086792], [80.4960021972657, 6.83173322677612], [80.4916687011722, 6.81992292404175], [80.492088317871, 6.81591081619257], [80.4955520629885, 6.81058979034418], [80.5006942749025, 6.81144714355469], [80.5022659301758, 6.80846309661871], [80.4976806640625, 6.80625009536749], [80.4958190917971, 6.80025386810308], [80.4899673461917, 6.79962682723993], [80.4885864257813, 6.79661417007446], [80.4948120117188, 6.7839350700379], [80.5009536743165, 6.77859497070324], [80.5116119384766, 6.77683305740356], [80.5274429321289, 6.76802921295172], [80.5382690429689, 6.7744932174682], [80.5443572998046, 6.77562808990479], [80.5507888793948, 6.77097082138073], [80.559928894043, 6.77060699462885], [80.5727462768558, 6.76392412185675], [80.5842590332033, 6.76363277435308], [80.6078414916995, 6.75884199142467], [80.6150512695313, 6.75938177108759], [80.6353988647461, 6.75336503982544], [80.643653869629, 6.75390291213995], [80.6537857055667, 6.75122308731085], [80.6593017578126, 6.75458383560192], [80.6611251831056, 6.76199388504028], [80.6649398803713, 6.75992488861084], [80.6940841674804, 6.7591609954834], [80.7062911987304, 6.75496482849121], [80.7121734619143, 6.75892210006725], [80.721534729004, 6.75890302658081], [80.7315368652344, 6.76339578628551], [80.736656188965, 6.76285123825079], [80.744842529297, 6.75830602645874], [80.7744522094727, 6.77836513519298], [80.7829055786136, 6.77451276779175], [80.7892684936525, 6.77396917343145], [80.7944259643556, 6.78142976760876], [80.8095169067385, 6.79196214675909], [80.8156890869143, 6.7956748008728], [80.8263854980469, 6.79312515258795], [80.8354644775391, 6.80274677276623], [80.8349761962893, 6.80759000778193], [80.8383560180665, 6.81186580657965], [80.8338241577149, 6.81501293182379], [80.8262481689454, 6.81534576416021], [80.8186569213869, 6.81926918029797], [80.8151092529299, 6.82847881317139], [80.8180084228518, 6.83226394653332], [80.8256301879886, 6.83016490936291], [80.8334426879883, 6.83413982391369], [80.8387451171876, 6.8450980186463], [80.8325576782226, 6.84930992126476], [80.8306503295898, 6.85554122924816], [80.8246078491211, 6.85645723342896], [80.8217163085939, 6.86205720901495], [80.8251800537109, 6.8764767646789], [80.818542480469, 6.88197708129888], [80.8130035400391, 6.87980890274059], [80.8156433105469, 6.89154195785528], [80.8095855712893, 6.89420700073248], [80.8114395141602, 6.89616918563843], [80.8111724853517, 6.90171003341686], [80.7995223999026, 6.90652322769165], [80.7790908813479, 6.9103732109071], [80.7771453857422, 6.91301584243774], [80.7779006958008, 6.91627502441418], [80.7799835205079, 6.92038917541504], [80.7830352783204, 6.92160892486578], [80.8080902099612, 6.91769123077398], [80.8173828125001, 6.91920185089117], [80.831611633301, 6.92991209030151], [80.8332595825198, 6.94612979888916], [80.8366088867188, 6.95581579208385], [80.8479080200196, 6.96619081497198], [80.8580856323245, 6.97199106216436], [80.8634185791018, 6.97816801071167], [80.8678359985351, 6.9780421257019], [80.8761291503907, 6.97373485565191], [80.8928527832033, 6.97853899002081], [80.8996887207031, 6.97730588912975], [80.9207458496094, 6.99090576171869], [80.9301910400392, 7.02006483078009], [80.9289321899414, 7.0303688049317], [80.9304275512697, 7.03817987442017], [80.9394760131838, 7.04281091690063], [80.9423065185547, 7.05430698394775], [80.9568176269532, 7.06314277648931], [80.9594497680664, 7.0742039680481], [80.96630859375, 7.07773208618175], [80.9543533325198, 7.09017610549932], [80.9559860229494, 7.09709978103638], [80.9524765014651, 7.1013708114624], [80.956382751465, 7.10537099838263], [80.9582138061526, 7.11472177505505], [80.965934753418, 7.12094879150402], [80.9601669311525, 7.1273708343507], [80.9511260986329, 7.12980508804333], [80.9521331787111, 7.1343498229981], [80.9502487182619, 7.13863897323614], [80.9530944824218, 7.1450891494751], [80.9619293212891, 7.14214706420904], [80.960205078125, 7.14643383026123], [80.962516784668, 7.15707492828369], [80.9580078125003, 7.17003202438354], [80.9540939331056, 7.17657279968273], [80.949935913086, 7.17843484878551], [80.9498596191406, 7.18490791320812], [80.9436798095704, 7.193515777588], [80.9436569213868, 7.19714879989624], [80.9470138549806, 7.20036697387707]]]}, "properties": {"electoralDistrictCode": "NUW", "electoralDistrict": "Nuwara Eliya", "province": "Central", "aramRegion": "hill-country", "district": "Nuwara Eliya"}}, {"type": "Feature", "geometry": {"type": "Polygon", "coordinates": [[[81.3099746704103, 8.25265598297119], [81.2982330322266, 8.25504207611095], [81.2880783081055, 8.26105880737316], [81.2859191894532, 8.25714302062994], [81.2811660766601, 8.2563047409057], [81.2799835205081, 8.24974822998041], [81.2733764648439, 8.24739074707037], [81.2725524902347, 8.24123477935791], [81.2684860229494, 8.24250888824474], [81.2657546997072, 8.2410192489624], [81.2701187133791, 8.23786640167236], [81.2690048217773, 8.23479938507074], [81.266082763672, 8.23534774780268], [81.2633743286136, 8.23124790191662], [81.2586593627929, 8.23211574554449], [81.2563858032228, 8.22506237030029], [81.2503128051758, 8.2261266708374], [81.2514114379882, 8.20997905731201], [81.2430877685547, 8.19643402099615], [81.239814758301, 8.19668483734142], [81.2375793457032, 8.19426727294922], [81.23885345459, 8.18614768981945], [81.2428512573244, 8.17906475067133], [81.236869812012, 8.17852878570562], [81.2345199584962, 8.17408275604259], [81.2339477539063, 8.16909790039062], [81.235534667969, 8.16855621337891], [81.2314910888674, 8.15525531768793], [81.2291183471681, 8.15760898590099], [81.2219696044922, 8.15388488769537], [81.2189559936526, 8.15520477294922], [81.2079772949219, 8.14883232116699], [81.1929931640628, 8.15120506286627], [81.19206237793, 8.1542539596557], [81.1973266601563, 8.16014766693115], [81.2069244384768, 8.16298103332531], [81.2134170532229, 8.17948913574224], [81.2105636596683, 8.18332195281982], [81.2044982910158, 8.18394947052008], [81.2041397094728, 8.19246387481684], [81.2014999389648, 8.19713211059576], [81.2061843872071, 8.21559333801275], [81.2037048339845, 8.22181224822998], [81.2044448852542, 8.22691535949701], [81.1994323730469, 8.23135280609137], [81.1961898803712, 8.23195362091064], [81.1869125366214, 8.22736167907726], [81.1773223876955, 8.23057079315186], [81.1727142333985, 8.23534965515148], [81.1661834716799, 8.23464202880871], [81.1589965820313, 8.23952293396002], [81.139358520508, 8.26085376739508], [81.1364364624025, 8.25930213928234], [81.1324234008791, 8.26207828521734], [81.1241073608401, 8.26304626464855], [81.1185150146484, 8.25895309448254], [81.1107635498047, 8.25986480712885], [81.1056442260745, 8.25601768493652], [81.0984344482421, 8.26036834716803], [81.0900650024416, 8.26224231719982], [81.0776443481445, 8.2715682983399], [81.0500564575195, 8.27224540710449], [81.0461654663087, 8.27578926086426], [81.0362548828124, 8.27890205383306], [81.0259780883791, 8.27686691284185], [81.0173492431643, 8.27901554107666], [80.9989929199219, 8.27268314361572], [80.9888229370117, 8.27309703826899], [80.9801330566409, 8.31248474121105], [80.9673538208011, 8.31794166564941], [80.9623260498047, 8.32369041442882], [80.9553222656251, 8.3244514465332], [80.9520492553712, 8.32289218902588], [80.940841674805, 8.34253597259527], [80.9310913085938, 8.3452234268189], [80.9242324829102, 8.3369197845459], [80.9114151000977, 8.3264217376709], [80.9042282104495, 8.3075580596925], [80.8991470336916, 8.28092193603521], [80.8127136230468, 8.2804412841798], [80.8044128417969, 8.27845764160162], [80.7939529418946, 8.25377464294434], [80.7944030761718, 8.24878978729254], [80.7878417968752, 8.23124790191662], [80.7854385375976, 8.20412826538086], [80.7593841552735, 8.15054607391363], [80.7610626220705, 8.14102363586437], [80.7583465576173, 8.13699913024902], [80.758644104004, 8.11136817932129], [80.7565612792971, 8.10323143005371], [80.7584304809571, 8.09596061706537], [80.7587280273439, 8.06858444213873], [80.7621917724611, 8.06522369384771], [80.7739868164064, 8.06734371185314], [80.77702331543, 8.06586933135986], [80.7594833374025, 8.04458236694347], [80.7604293823245, 8.03829860687262], [80.7497100830079, 8.02209568023682], [80.750068664551, 8.01984691619873], [80.7555694580079, 8.01716899871826], [80.7561111450197, 8.01235103607183], [80.7604827880861, 8.00675964355463], [80.7711181640626, 8.00049686431885], [80.7723236083986, 7.99559688568121], [80.7743682861329, 7.99853706359869], [80.7794876098636, 7.99481678009045], [80.7776184082031, 7.98068380355841], [80.7784194946291, 7.96823978424067], [80.7878646850589, 7.96246290206909], [80.7985382080079, 7.96062612533575], [80.7990722656251, 7.97657299041754], [80.8148040771486, 7.98350381851208], [80.820495605469, 7.9808988571167], [80.8205795288088, 7.97748708724987], [80.8255920410157, 7.97131919860846], [80.8400421142578, 7.97219419479381], [80.8533325195314, 7.96271085739136], [80.8393249511719, 7.95811414718634], [80.834037780762, 7.95423316955572], [80.8297576904297, 7.93991518020636], [80.8196334838867, 7.924476146698], [80.8194122314455, 7.90920782089239], [80.8134002685549, 7.88686084747326], [80.8099212646484, 7.86265182495112], [80.8110427856447, 7.85195398330694], [80.8078384399415, 7.84769010543823], [80.8023605346683, 7.82195615768433], [80.7934646606447, 7.8172631263734], [80.7956085205078, 7.80486297607428], [80.7856750488283, 7.8000631332398], [80.7844467163089, 7.80407190322882], [80.7816390991213, 7.80563497543346], [80.7764282226565, 7.80217981338507], [80.7687988281253, 7.80228281021124], [80.7611770629886, 7.79217910766607], [80.7658843994141, 7.78681898117071], [80.7636032104493, 7.77739906311035], [80.7638244628907, 7.73400020599365], [80.7696838378907, 7.71499919891352], [80.7737579345706, 7.70839118957525], [80.7744903564455, 7.70192480087286], [80.773002624512, 7.69402790069591], [80.7698364257814, 7.69049310684204], [80.7656326293947, 7.69517517089849], [80.7610473632814, 7.69562101364147], [80.7678527832034, 7.69133186340326], [80.7707672119142, 7.68380594253546], [80.773811340332, 7.68400478363031], [80.7788162231445, 7.67794179916388], [80.7844543457034, 7.67962598800665], [80.8047943115235, 7.67962884902954], [80.8092803955078, 7.67172002792358], [80.8208694458011, 7.67985200881952], [80.8253326416017, 7.67870807647711], [80.8368759155274, 7.6812858581543], [80.8399810791017, 7.68464708328253], [80.8419036865234, 7.69229221343994], [80.846389770508, 7.69317579269415], [80.8490676879885, 7.69879817962652], [80.8530654907229, 7.701084136963], [80.8549041748049, 7.69689321517956], [80.8526458740234, 7.69464778900158], [80.8555068969727, 7.69092607498175], [80.8608779907227, 7.6877880096435], [80.8702774047854, 7.68950176239014], [80.8713684082032, 7.68494081497204], [80.8769378662112, 7.67967176437389], [80.8819503784179, 7.69795083999639], [80.8835906982424, 7.71510601043707], [80.9065093994143, 7.71587419509893], [80.9219894409181, 7.70830202102661], [80.9250259399417, 7.70956277847296], [80.9278640747073, 7.70827484130859], [80.9376907348635, 7.71011400222778], [80.9425811767581, 7.71362876892096], [80.9487533569338, 7.71276712417603], [80.972007751465, 7.71721792221069], [80.9802627563477, 7.71609878540045], [80.9891281127931, 7.72169494628912], [81.0107727050782, 7.71825981140148], [81.0240249633792, 7.72305822372442], [81.049270629883, 7.71884822845465], [81.0687408447266, 7.73078584671021], [81.0943527221682, 7.72518587112438], [81.1105728149415, 7.69772481918335], [81.1176071166993, 7.68993282318115], [81.1450729370118, 7.67626905441296], [81.1471023559572, 7.67577695846569], [81.1518859863283, 7.67964887619024], [81.1978836059571, 7.66114282608032], [81.2139511108399, 7.64696216583246], [81.2178955078125, 7.64809179306036], [81.2208328247073, 7.65365123748779], [81.2196502685547, 7.65975904464722], [81.222625732422, 7.6720871925354], [81.2393569946292, 7.67978096008306], [81.2365493774416, 7.68785619735729], [81.2403488159179, 7.6950678825379], [81.2379455566407, 7.70530080795299], [81.2394027709963, 7.71343994140625], [81.2346801757812, 7.71780586242687], [81.2337188720703, 7.72196388244635], [81.2412338256837, 7.73917818069458], [81.2370529174808, 7.74842214584362], [81.2358779907229, 7.75680685043346], [81.2373886108399, 7.76049709320063], [81.2305984497071, 7.77097415924084], [81.2269363403323, 7.7809858322143], [81.2298736572267, 7.79512214660645], [81.2248764038087, 7.82350778579706], [81.2326583862308, 7.8435368537904], [81.2314376831055, 7.86130094528204], [81.2277603149413, 7.86707210540783], [81.2288589477542, 7.87609481811529], [81.2369232177736, 7.88867616653454], [81.2358627319337, 7.89494514465338], [81.2383804321292, 7.90258693695063], [81.2367858886719, 7.91978597640991], [81.2472457885744, 7.92858600616461], [81.2529754638674, 7.93633508682245], [81.2627410888672, 7.94001293182384], [81.2670059204104, 7.93707799911505], [81.2746505737308, 7.9368109703064], [81.2777099609376, 7.94055318832397], [81.2892074584963, 7.94660377502447], [81.298049926758, 7.94607782363892], [81.3078613281249, 7.93745994567865], [81.3164596557619, 7.94039392471313], [81.3280792236328, 7.93515205383301], [81.3349380493165, 7.93805313110352], [81.3399200439455, 7.9374561309815], [81.339973449707, 7.95705413818365], [81.3320312500003, 7.97038888931269], [81.3062896728518, 8.0294618606568], [81.3140945434571, 8.23975086212153], [81.3099746704103, 8.25265598297119]]]}, "properties": {"electoralDistrictCode": "POL", "electoralDistrict": "Polonnaruwa", "province": "North Central", "aramRegion": null, "district": "Polonnaruwa"}}, {"type": "Feature", "geometry": {"type": "MultiPolygon", "coordinates": [[[[79.7798614501956, 8.07208442687988], [79.7784729003909, 8.06930637359631], [79.7806930541994, 8.06930637359631], [79.7798614501956, 8.07208442687988]]], [[[79.7395858764651, 8.126527786255], [79.7373580932617, 8.12541580200201], [79.7395858764651, 8.12458419799805], [79.7395858764651, 8.126527786255]]], [[[79.8068084716799, 8.17430591583263], [79.807083129883, 8.16902732849115], [79.8104171752931, 8.16236114501964], [79.8123626708984, 8.1654167175293], [79.8084716796878, 8.16874885559082], [79.8068084716799, 8.17430591583263]]], [[[79.7504196166993, 8.1776380538941], [79.7481918334964, 8.17680644989014], [79.7487487792972, 8.17239379882818], [79.7518081665042, 8.17597198486328], [79.7504196166993, 8.1776380538941]]], [[[79.7645797729495, 8.17819404602056], [79.7659759521486, 8.18013763427729], [79.7631912231446, 8.17847156524664], [79.7645797729495, 8.17819404602056]]], [[[79.756530761719, 8.18041610717768], [79.7545852661133, 8.17986011505121], [79.7562484741213, 8.1773624420166], [79.756530761719, 8.18041610717768]]], [[[79.7770843505859, 8.19291687011713], [79.7748641967774, 8.19291687011713], [79.7754135131838, 8.18819522857666], [79.7781982421877, 8.18652915954601], [79.7798614501956, 8.18847084045416], [79.7770843505859, 8.19291687011713]]], [[[79.7673645019531, 8.21097278594971], [79.7718048095704, 8.21458339691173], [79.7645797729495, 8.21291732788092], [79.7651367187501, 8.20958232879633], [79.7695846557617, 8.20763778686535], [79.7673645019531, 8.21097278594971]]], [[[79.7834701538089, 8.21958255767834], [79.7812500000002, 8.21819305419928], [79.7815246582034, 8.21569538116466], [79.7851409912112, 8.21625137329113], [79.7834701538089, 8.21958255767834]]], [[[79.7793045043946, 8.23847293853771], [79.7779159545899, 8.23319435119623], [79.7804183959964, 8.23458194732666], [79.7793045043946, 8.23847293853771]]], [[[79.7776412963869, 8.27513885498047], [79.7748641967774, 8.27152919769287], [79.7754135131838, 8.2670831680299], [79.7790298461915, 8.26263809204102], [79.7815246582034, 8.26263809204102], [79.7843017578127, 8.2670831680299], [79.7776412963869, 8.27513885498047]]], [[[79.7726974487305, 8.27824401855474], [79.7712478637698, 8.27541542053223], [79.7740249633789, 8.27236080169683], [79.7726974487305, 8.27824401855474]]], [[[79.7679138183595, 8.27847194671642], [79.7601394653321, 8.27763652801525], [79.7643051147461, 8.27430534362787], [79.7687530517579, 8.27624893188482], [79.7679138183595, 8.27847194671642]]], [[[79.790969848633, 8.28612899780273], [79.7893066406251, 8.28486156463634], [79.7915267944335, 8.28236198425293], [79.7954177856446, 8.28291606903082], [79.790969848633, 8.28612899780273]]], [[[79.8331909179688, 8.30180454254162], [79.8331909179688, 8.29902744293213], [79.8393020629883, 8.29652690887463], [79.8331909179688, 8.30180454254162]]], [[[79.7662506103516, 8.30276870727545], [79.7570800781251, 8.30263996124273], [79.7484741210938, 8.2884721755982], [79.7437515258791, 8.27791786193853], [79.7443084716797, 8.274582862854], [79.7362518310549, 8.24624919891357], [79.7409744262695, 8.25097179412836], [79.7445831298829, 8.25152778625488], [79.7529144287112, 8.24791526794439], [79.7540283203126, 8.25513839721691], [79.75846862793, 8.25736236572277], [79.7604141235353, 8.26597309112555], [79.7637481689454, 8.26875114440929], [79.7620849609376, 8.27263927459722], [79.7568054199218, 8.27208328247076], [79.7587509155275, 8.26763916015636], [79.7554168701175, 8.2637510299682], [79.7509689331055, 8.2637510299682], [79.7548599243167, 8.27347087860102], [79.7579193115237, 8.27374935150141], [79.75846862793, 8.27624893188482], [79.7531967163088, 8.28152847290039], [79.7556915283205, 8.28374958038336], [79.7534713745118, 8.2856941223144], [79.7539672851564, 8.29038715362555], [79.7581939697266, 8.29291725158691], [79.7590255737305, 8.29652690887463], [79.7620849609376, 8.29708290100109], [79.7629165649413, 8.30013942718506], [79.7676391601565, 8.3012523651123], [79.7662506103516, 8.30276870727545]]], [[[79.8337478637696, 8.3048620223999], [79.8337478637696, 8.30208301544201], [79.8359756469728, 8.30152702331554], [79.8337478637696, 8.3048620223999]]], [[[79.7959747314453, 8.30597209930426], [79.7931976318362, 8.30374908447266], [79.7937469482422, 8.29847335815424], [79.7962493896487, 8.29430484771734], [79.799858093262, 8.29402732849127], [79.8012466430663, 8.29986095428467], [79.7962493896487, 8.29625129699713], [79.7976379394533, 8.30069541931152], [79.7956390380862, 8.30488014221203], [79.8023605346683, 8.30402755737305], [79.7959747314453, 8.30597209930426]]], [[[79.8084716796878, 8.33958435058588], [79.8009719848635, 8.33874988555903], [79.8045806884766, 8.32347297668457], [79.8095855712893, 8.31763935089111], [79.8090286254886, 8.31902885437017], [79.8118057250977, 8.32041740417492], [79.8051376342774, 8.32708263397217], [79.8090286254886, 8.3273611068725], [79.8062515258791, 8.33014011383057], [79.8093032836916, 8.33263969421398], [79.8045806884766, 8.33514022827148], [79.8054199218753, 8.33819389343256], [79.8106918334962, 8.33847236633312], [79.8084716796878, 8.33958435058588]]], [[[79.7784729003909, 8.37736129760748], [79.7729187011719, 8.3623619079591], [79.7723617553713, 8.34319400787365], [79.7626419067385, 8.32430458068853], [79.7601394653321, 8.31152820587158], [79.765693664551, 8.31625080108637], [79.7662506103516, 8.32541656494152], [79.7698593139649, 8.32569313049328], [79.7718048095704, 8.32902717590338], [79.7737503051761, 8.34013843536377], [79.7776412963869, 8.34486103057856], [79.7762527465821, 8.34736061096197], [79.7781982421877, 8.34763908386236], [79.7770843505859, 8.35069465637201], [79.7787475585937, 8.35069465637201], [79.7793045043946, 8.35624885559082], [79.781806945801, 8.3576402664184], [79.7812500000002, 8.36041641235363], [79.7845840454102, 8.36736011505121], [79.7873611450197, 8.36791610717768], [79.7784729003909, 8.37736129760748]]], [[[79.8009719848635, 8.41514015197765], [79.8026351928711, 8.4076385498048], [79.8051376342774, 8.40430545806885], [79.8081970214844, 8.40347290039057], [79.8048629760743, 8.40541744232178], [79.8068084716799, 8.4076385498048], [79.8026351928711, 8.40958309173584], [79.8009719848635, 8.41514015197765]]], [[[79.7962493896487, 8.43236064910883], [79.7959747314453, 8.42763900756836], [79.7973632812501, 8.42736053466797], [79.7962493896487, 8.43236064910883]]], [[[79.7959747314453, 8.45208168029791], [79.7912521362307, 8.45125102996826], [79.7920837402345, 8.44736003875738], [79.7959747314453, 8.45208168029791]]], [[[79.7893066406251, 8.45791721343994], [79.7895812988284, 8.45347309112555], [79.7912521362307, 8.45263862609869], [79.7893066406251, 8.45791721343994]]], [[[79.785415649414, 8.51124858856207], [79.7815246582034, 8.50875091552746], [79.7781982421877, 8.50208377838146], [79.7776412963869, 8.49374961853033], [79.7837524414062, 8.46875], [79.788475036621, 8.45930480957037], [79.790969848633, 8.46513652801525], [79.7881927490237, 8.46458435058594], [79.7918090820313, 8.46986198425293], [79.7834701538089, 8.47347164154053], [79.7831954956055, 8.48708343505859], [79.7801361083984, 8.4923620223999], [79.785415649414, 8.51124858856207]]], [[[80.0324859619141, 8.5271368026734], [80.0228500366214, 8.5325202941894], [80.0119247436526, 8.53425216674805], [80.0009689331056, 8.54575729370123], [79.9959564208987, 8.54603290557873], [79.9906234741214, 8.54350757598883], [79.977767944336, 8.55383872985846], [79.9683380126953, 8.55124092102056], [79.9573211669922, 8.55335140228283], [79.9491882324219, 8.56072044372564], [79.9371871948245, 8.55735588073725], [79.9299468994143, 8.56344318389887], [79.9243087768556, 8.56547164917004], [79.9229202270509, 8.56319522857666], [79.919860839844, 8.56347274780273], [79.9187469482421, 8.5526380538941], [79.9159698486329, 8.54874992370617], [79.9068069458008, 8.54819583892828], [79.8973617553712, 8.54125118255621], [79.8859710693361, 8.53680515289318], [79.8770828247073, 8.53652667999279], [79.8748626708986, 8.53986072540289], [79.8711853027344, 8.53683662414562], [79.8673629760743, 8.51708316802984], [79.8670806884767, 8.50180625915539], [79.864860534668, 8.49736213684076], [79.8654174804688, 8.47791576385509], [79.8626403808597, 8.47513771057135], [79.8617935180665, 8.46958637237543], [79.864860534668, 8.45291709899908], [79.8548583984377, 8.44264030456549], [79.8473587036136, 8.43958377838135], [79.8431930541993, 8.42375087738043], [79.8459701538087, 8.39291572570801], [79.8445816040041, 8.37402915954601], [79.8465270996094, 8.3512487411499], [79.8390274047853, 8.34541702270508], [79.8376388549808, 8.33874988555903], [79.8398590087891, 8.3331937789917], [79.8320846557618, 8.32374858856207], [79.8373641967773, 8.32097339630138], [79.8343048095703, 8.31957626342779], [79.8376388549808, 8.31375026702887], [79.83708190918, 8.31013774871826], [79.8345870971683, 8.30902767181408], [79.8348617553713, 8.30569362640387], [79.8373641967773, 8.29958343505859], [79.8404159545898, 8.29763889312738], [79.8401412963868, 8.2951393127442], [79.8448638916016, 8.29069519042974], [79.8451385498049, 8.28625011444086], [79.8404159545898, 8.29347324371338], [79.8337478637696, 8.29597091674816], [79.8331909179688, 8.28985977172863], [79.8273010253909, 8.28742885589605], [79.8190307617189, 8.27263927459722], [79.8106918334962, 8.23791694641125], [79.7893066406251, 8.23347187042231], [79.790969848633, 8.22986221313477], [79.7923583984376, 8.23180580139166], [79.7970809936525, 8.23041629791265], [79.7976379394533, 8.23347187042231], [79.8015289306641, 8.23264026641851], [79.8065261840821, 8.22624969482433], [79.8101425170899, 8.2248620986939], [79.8101425170899, 8.22264003753656], [79.8043060302734, 8.22458362579351], [79.8040313720705, 8.2229175567627], [79.7993087768558, 8.22208309173584], [79.7929153442383, 8.22735977172852], [79.79402923584, 8.22402763366705], [79.8106918334962, 8.2151393890382], [79.8201370239257, 8.20402812957775], [79.8204193115235, 8.19486141204834], [79.8243026733401, 8.18152904510492], [79.8159713745119, 8.1820821762085], [79.8209686279297, 8.17458438873302], [79.8198623657229, 8.17180633544922], [79.818473815918, 8.17347240448009], [79.8206939697267, 8.16819572448736], [79.8190307617189, 8.16263866424572], [79.827362060547, 8.15930461883551], [79.8337478637696, 8.15097236633312], [79.8304138183595, 8.14597225189203], [79.8351364135743, 8.13930511474604], [79.8345870971683, 8.12986087799072], [79.8318023681642, 8.12958240509033], [79.8237533569335, 8.12291622161865], [79.8201370239257, 8.12291622161865], [79.8204193115235, 8.11319541931152], [79.8179168701172, 8.11069488525385], [79.8148574829102, 8.09875011444086], [79.8112487792969, 8.09680557250982], [79.8118057250977, 8.09430599212646], [79.8093032836916, 8.09458446502686], [79.8059692382815, 8.09097194671637], [79.8026351928711, 8.08513927459722], [79.8001403808595, 8.08347320556641], [79.7956924438479, 8.08569526672369], [79.7934722900392, 8.08430480957037], [79.7898635864258, 8.08708286285395], [79.790969848633, 8.08152675628662], [79.7993087768558, 8.07902908325201], [79.799858093262, 8.07347202301031], [79.7934722900392, 8.07152843475342], [79.7904129028322, 8.07708263397217], [79.7893066406251, 8.07612991333008], [79.7929153442383, 8.07069396972656], [79.7937469482422, 8.06513977050781], [79.8206939697267, 8.04014015197765], [79.8334732055665, 8.02069377899181], [79.8351364135743, 8.00874996185308], [79.8320846557618, 8.00708293914795], [79.8318023681642, 8.00069522857666], [79.8356933593752, 8.00125122070312], [79.8359756469728, 7.99625110626221], [79.8320846557618, 7.99069404602056], [79.8315277099612, 7.98291778564447], [79.8237533569335, 7.98374986648571], [79.8240280151368, 7.98014020919794], [79.8181915283206, 7.98014020919794], [79.8145828247071, 7.97708320617676], [79.7895812988284, 7.97874879837036], [79.7695846557617, 7.98347187042236], [79.7459716796877, 7.99430704116827], [79.7362518310549, 8.01569366455089], [79.7451400756839, 8.03430461883545], [79.7420806884768, 8.04374980926519], [79.7418060302734, 8.05375099182129], [79.7512512207034, 8.0629177093507], [79.7554168701175, 8.06319427490246], [79.7393035888674, 8.07069396972656], [79.7370834350588, 8.07402896881109], [79.7379150390626, 8.0762510299682], [79.7315292358399, 8.08458328247076], [79.7312469482421, 8.09069442749029], [79.736587524414, 8.10822868347168], [79.7343063354492, 8.11569309234613], [79.7268066406253, 8.12319374084473], [79.7290267944336, 8.12819385528564], [79.7279129028321, 8.13680458068853], [79.7326354980469, 8.14402770996105], [79.7381973266602, 8.14402770996105], [79.7412490844727, 8.15152835845959], [79.7390289306643, 8.15458202362066], [79.7398605346681, 8.15819454193115], [79.7465286254885, 8.1654167175293], [79.7434692382814, 8.17652797698975], [79.7493057250977, 8.18375110626221], [79.74764251709, 8.18875122070312], [79.7395858764651, 8.19458293914801], [79.7379150390626, 8.20180606842047], [79.7487487792972, 8.21736145019531], [79.756530761719, 8.22458362579351], [79.7620849609376, 8.22124862670898], [79.7623596191408, 8.21652698516846], [79.7693023681641, 8.21736145019531], [79.7706985473636, 8.22654628753668], [79.7651367187501, 8.24125099182129], [79.7723617553713, 8.24902725219738], [79.7774124145507, 8.26046371459967], [79.7679138183595, 8.26208209991449], [79.7645797729495, 8.25902843475342], [79.764862060547, 8.25597190856945], [79.7576370239258, 8.25125026702875], [79.7576370239258, 8.24902725219738], [79.749580383301, 8.24125099182129], [79.747917175293, 8.24208259582525], [79.7387466430664, 8.22986221313477], [79.7337493896486, 8.22764015197765], [79.7284698486329, 8.2293062210083], [79.7281951904296, 8.22513961791998], [79.7249145507815, 8.22797012329102], [79.7154159545898, 8.21652698516846], [79.7084732055666, 8.21597099304199], [79.6990280151369, 8.20958232879633], [79.6929702758789, 8.21016407012951], [79.6962509155274, 8.18847084045416], [79.7045822143556, 8.16736125946051], [79.705696105957, 8.14430618286138], [79.7037506103518, 8.13597106933599], [79.7045822143556, 8.12208366394054], [79.7020797729494, 8.11236095428467], [79.7070846557617, 8.09569358825689], [79.7062530517579, 8.05680465698254], [79.7329177856448, 7.96902894973755], [79.7429199218752, 7.94236087799072], [79.7643051147461, 7.8509721755982], [79.7815246582034, 7.78874921798712], [79.797920227051, 7.70041704177856], [79.8004150390626, 7.62847089767456], [79.7976379394533, 7.61374998092657], [79.8023605346683, 7.61486005783092], [79.802917480469, 7.61347198486328], [79.7993087768558, 7.60930585861217], [79.7999343872072, 7.61268377304089], [79.785972595215, 7.60569381713879], [79.7887496948243, 7.54208278656017], [79.8023605346683, 7.46541690826427], [79.8201370239257, 7.39569377899181], [79.8312530517578, 7.33013916015631], [79.8384704589845, 7.30208301544201], [79.8404159545898, 7.2790269851684], [79.8440093994142, 7.27371215820324], [79.8506164550784, 7.27323818206793], [79.8547668457034, 7.27716493606579], [79.8620223999024, 7.27020883560181], [79.8692474365235, 7.27426576614386], [79.8708267211917, 7.28016519546509], [79.8763122558596, 7.28337621688843], [79.8801727294925, 7.28223180770874], [79.8889846801757, 7.27415180206305], [79.8972702026368, 7.2751870155335], [79.8992767333986, 7.28084087371838], [79.9013519287112, 7.28087615966797], [79.9046936035156, 7.27564716339111], [79.9074172973633, 7.28091382980347], [79.9094314575197, 7.28036499023443], [79.9095840454101, 7.27440977096563], [79.9068908691409, 7.26714420318604], [79.9146194458008, 7.26939821243286], [79.9160766601562, 7.27089786529552], [79.9143524169921, 7.27664995193487], [79.9242248535159, 7.2781219482423], [79.9257888793946, 7.28282213211054], [79.9320602416995, 7.2771167755127], [79.9378967285157, 7.27858686447155], [79.9412918090822, 7.27447795867926], [79.9377365112307, 7.34681987762457], [79.927604675293, 7.38896799087536], [79.9126586914064, 7.46889781951916], [79.9079971313477, 7.47997617721558], [79.9038009643555, 7.51170921325695], [79.9003906250003, 7.58256912231451], [79.9066314697266, 7.59470605850231], [79.9053421020511, 7.62007284164423], [79.9093704223636, 7.62744283676153], [79.9199218750002, 7.63430976867676], [79.9224014282228, 7.64652681350708], [79.9333419799807, 7.64857292175293], [79.9339218139651, 7.6505560874939], [79.9311752319338, 7.65372180938726], [79.9244689941406, 7.65432596206659], [79.9224090576174, 7.65790176391607], [79.9303359985354, 7.66437005996704], [79.928680419922, 7.67257881164562], [79.9306259155273, 7.67621898651129], [79.9357376098635, 7.68005704879761], [79.9432373046876, 7.67771196365356], [79.9474105834961, 7.68182086944591], [79.9492950439455, 7.67588376998901], [79.9572296142581, 7.6730170249939], [79.9602890014651, 7.67468500137329], [79.9604034423829, 7.68107604980474], [79.9643325805663, 7.68618583679205], [79.9565429687502, 7.69069576263428], [79.9545440673831, 7.69426107406611], [79.9419631958011, 7.69302797317505], [79.9404907226562, 7.6944727897644], [79.9549636840821, 7.70188903808599], [79.9527435302734, 7.71195793151861], [79.9561157226564, 7.71947908401501], [79.9581451416018, 7.71996021270763], [79.9611282348635, 7.71702909469604], [79.9747695922854, 7.72203922271729], [79.9806289672852, 7.73273706436163], [80.0005187988284, 7.74423980712896], [80.0016784667972, 7.75033378601086], [79.9960250854494, 7.75269079208385], [79.9933547973635, 7.76045799255365], [79.9951553344727, 7.76856279373175], [80.0016021728516, 7.77695178985601], [79.9951324462891, 7.7959971427918], [79.997787475586, 7.81049680709839], [80.0010986328128, 7.81305599212652], [80.0133132934573, 7.81550598144531], [80.0063934326174, 7.82537889480597], [80.005928039551, 7.82948017120356], [80.0086898803713, 7.83242607116699], [80.0168838500979, 7.83478784561163], [80.0196228027345, 7.83985614776611], [80.0250244140627, 7.83946180343634], [80.0267715454102, 7.84206008911127], [80.0346298217776, 7.84253215789801], [80.0378265380859, 7.84540176391607], [80.037467956543, 7.85158014297491], [80.0407409667969, 7.85888481140131], [80.0376281738281, 7.85953187942505], [80.041633605957, 7.86747503280645], [80.0500411987305, 7.86733388900757], [80.0502548217774, 7.87184000015259], [80.0536499023438, 7.87421417236328], [80.0652160644532, 7.87324810028082], [80.0651702880862, 7.88672685623169], [80.0685729980471, 7.8908162117005], [80.0732650756838, 7.89149904251104], [80.0737457275391, 7.90725994110102], [80.0704956054688, 7.9114561080932], [80.0714111328126, 7.91444778442388], [80.0937194824219, 7.92169809341442], [80.0920639038089, 7.91720581054693], [80.0984954833985, 7.91480112075811], [80.1000061035156, 7.92555379867559], [80.1073608398439, 7.92911005020142], [80.1080322265626, 7.93394804000854], [80.1056900024416, 7.94108009338385], [80.1074752807618, 7.94765996932978], [80.1130294799805, 7.94992494583124], [80.120231628418, 7.94664478302002], [80.1311874389651, 7.93422412872314], [80.1440429687502, 7.93807983398432], [80.1484527587891, 7.94286394119268], [80.1417541503908, 7.95438480377197], [80.1344528198243, 7.96093606948858], [80.1329040527347, 7.96735382080084], [80.1360549926758, 7.97755002975458], [80.1498947143556, 7.99857282638555], [80.1434631347658, 8.0063266754151], [80.1475753784183, 8.01247978210449], [80.149269104004, 8.019684791565], [80.1469345092774, 8.04491710662853], [80.1533126831058, 8.06737327575684], [80.1467056274416, 8.07366180419933], [80.1278991699221, 8.07971000671398], [80.1217041015627, 8.09156227111822], [80.1149597167972, 8.09877777099615], [80.1149597167972, 8.11596870422363], [80.1067047119141, 8.1469287872315], [80.1078796386719, 8.14995098114019], [80.101173400879, 8.16119384765636], [80.0995941162111, 8.16766929626476], [80.1050262451172, 8.18215847015392], [80.1055145263674, 8.18895626068121], [80.1030273437502, 8.1913013458252], [80.1025238037112, 8.19624900817882], [80.0988464355469, 8.19795417785645], [80.0957489013671, 8.2076587677002], [80.0861434936524, 8.21070575714117], [80.0782852172852, 8.22208786010748], [80.061149597168, 8.21939563751221], [80.0485458374026, 8.22551822662365], [80.0368881225587, 8.23556900024414], [80.0260620117188, 8.22556781768805], [80.0140991210939, 8.22590637207026], [80.0074691772463, 8.2286252975465], [79.9992828369141, 8.2275829315185], [79.9955902099611, 8.25443077087414], [79.9812698364261, 8.28009223938], [79.9835510253909, 8.28819179534918], [79.9792480468752, 8.30359745025635], [79.9804611206057, 8.31024456024181], [79.9752197265627, 8.32504558563238], [79.9735641479493, 8.34002590179449], [79.9519348144531, 8.36869144439703], [79.9555969238283, 8.39477443695074], [79.9622192382814, 8.39887809753418], [79.9747467041016, 8.39798545837408], [79.9781570434571, 8.39936637878424], [79.9819869995119, 8.40391540527344], [79.9847946166992, 8.41213798522955], [79.991081237793, 8.4153089523316], [79.9879608154298, 8.41995143890387], [79.988708496094, 8.4222583770752], [79.998115539551, 8.4290132522583], [80.0010833740237, 8.43418884277338], [80.0059356689455, 8.43450832366955], [80.0081176757815, 8.43849658966059], [80.0159606933597, 8.44082641601574], [80.0230255126956, 8.45432662963867], [80.0309295654299, 8.46362590789789], [80.0431442260744, 8.4976863861084], [80.0324859619141, 8.5271368026734]]]]}, "properties": {"electoralDistrictCode": "PUT", "electoralDistrict": "Puttalam", "province": "North Western", "aramRegion": null, "district": "Puttalam"}}, {"type": "Feature", "geometry": {"type": "Polygon", "coordinates": [[[80.4960021972657, 6.83173322677612], [80.4774093627929, 6.83089494705206], [80.4583282470703, 6.83682680130005], [80.4516372680665, 6.83311700820934], [80.4420700073245, 6.83602905273432], [80.4408798217774, 6.84181594848644], [80.4348449707034, 6.84449911117565], [80.4320373535158, 6.84808778762817], [80.4300384521485, 6.84205293655401], [80.4240188598635, 6.83981990814203], [80.4212417602541, 6.84542179107666], [80.4000473022462, 6.85972785949701], [80.3907012939454, 6.85369682312023], [80.3888702392581, 6.84998178482067], [80.383056640625, 6.84964704513544], [80.3795700073244, 6.85438585281383], [80.3668746948243, 6.85161876678472], [80.3621597290042, 6.84843015670776], [80.3573760986331, 6.84968805313122], [80.3561630249023, 6.84606409072887], [80.3479537963867, 6.84178876876842], [80.3486557006835, 6.83455705642712], [80.3423614501953, 6.83332586288458], [80.3426361083985, 6.83109521865845], [80.3405151367188, 6.83012199401855], [80.3395767211915, 6.8326292037965], [80.3374557495117, 6.83139085769653], [80.3287353515627, 6.83629417419439], [80.318916320801, 6.85525798797613], [80.3107910156251, 6.86233711242687], [80.3064880371095, 6.86202478408819], [80.3016891479495, 6.85838317871094], [80.2972183227539, 6.85937690734863], [80.2948226928714, 6.85514497756958], [80.2849044799808, 6.85546588897705], [80.284866333008, 6.86251306533813], [80.2813339233398, 6.86582183837891], [80.2821502685547, 6.87010908126831], [80.2687759399416, 6.8742761611939], [80.2606506347659, 6.88923788070679], [80.2547302246096, 6.89250183105469], [80.2507705688479, 6.90151786804205], [80.2483978271484, 6.90137004852295], [80.2410354614261, 6.90749406814575], [80.2356185913086, 6.90263700485229], [80.2332229614261, 6.90305709838879], [80.2305908203124, 6.92415714263927], [80.226501464844, 6.92445516586315], [80.223960876465, 6.93106317520147], [80.219062805176, 6.92609882354742], [80.2191772460939, 6.92141294479381], [80.214096069336, 6.91764307022095], [80.2101211547852, 6.91764116287231], [80.1995697021484, 6.90835285186773], [80.2008972167969, 6.90364503860479], [80.1960754394531, 6.90423917770397], [80.190742492676, 6.89943981170654], [80.1906433105471, 6.89273214340216], [80.1836166381839, 6.88649892807018], [80.1814422607422, 6.86763620376593], [80.1770324707033, 6.85916280746466], [80.1881103515625, 6.85466384887695], [80.1899795532228, 6.8560791015625], [80.1947402954101, 6.85082817077648], [80.1988525390627, 6.83981990814203], [80.198616027832, 6.83495998382574], [80.202247619629, 6.8318271636964], [80.2025985717775, 6.81741809844982], [80.1984405517579, 6.81366014480591], [80.1796493530275, 6.81357479095465], [80.1775894165041, 6.81394481658947], [80.1779327392579, 6.80806922912598], [80.1823730468752, 6.79572486877447], [80.1865921020508, 6.79193496704102], [80.187065124512, 6.78681421279907], [80.1918716430663, 6.7829351425172], [80.1902618408205, 6.77159118652344], [80.1921005249025, 6.76050281524664], [80.2056274414064, 6.73294019699097], [80.2052383422853, 6.72983503341686], [80.1989517211916, 6.73114776611328], [80.19889831543, 6.72727823257452], [80.2036972045898, 6.72283411026012], [80.2028198242188, 6.72078514099121], [80.2095718383792, 6.7107768058778], [80.2152633666993, 6.69172382354748], [80.221603393555, 6.68931198120117], [80.2268829345705, 6.67888498306286], [80.2416381835939, 6.67025899887085], [80.2491836547852, 6.65817022323608], [80.2513885498046, 6.64734220504772], [80.2488937377931, 6.63890886306757], [80.2549514770511, 6.62679576873785], [80.2600402832032, 6.62185192108166], [80.263984680176, 6.62199115753174], [80.2744293212893, 6.61745977401745], [80.2819747924805, 6.61758804321289], [80.2927474975589, 6.60365819931036], [80.3029251098635, 6.5958399772644], [80.3133316040042, 6.57026195526123], [80.3090438842773, 6.57127094268799], [80.306251525879, 6.56788682937628], [80.2961730957034, 6.56569719314575], [80.2943267822267, 6.56218194961554], [80.3050994873047, 6.54538488388056], [80.3047485351565, 6.5408148765564], [80.3132553100587, 6.53291320800793], [80.329429626465, 6.50983476638794], [80.3339843750002, 6.50017118453979], [80.3743972778321, 6.44487285614025], [80.3794555664063, 6.4368138313294], [80.3818969726562, 6.42586183547979], [80.3858642578127, 6.42029476165777], [80.4190673828127, 6.39239120483404], [80.4315261840821, 6.38934612274181], [80.440528869629, 6.39466619491589], [80.4513015747072, 6.38772296905512], [80.4652328491213, 6.38595914840704], [80.4720611572265, 6.37823820114147], [80.4812850952148, 6.3809609413147], [80.4910049438477, 6.38012695312511], [80.4939422607425, 6.37766599655163], [80.4953079223636, 6.36757802963257], [80.5030899047852, 6.36742115020758], [80.508773803711, 6.37078285217291], [80.5133056640627, 6.36966419219971], [80.5337371826172, 6.37432384490961], [80.5338363647464, 6.38818407058722], [80.5446777343753, 6.38911390304571], [80.5452423095704, 6.39458417892456], [80.5496215820313, 6.39613580703747], [80.5549392700196, 6.38949012756353], [80.5653228759767, 6.3942990303039], [80.5711746215821, 6.39414596557629], [80.5787811279297, 6.39060878753673], [80.5969772338868, 6.39754009246838], [80.6143341064454, 6.39497280120861], [80.6188430786135, 6.39626121521002], [80.6207275390626, 6.39337778091442], [80.6200942993166, 6.38673877716076], [80.6156158447266, 6.38114786148083], [80.6175003051758, 6.37106990814215], [80.6095809936523, 6.36575317382818], [80.6065292358398, 6.35968112945562], [80.6111602783203, 6.345871925354], [80.6314010620118, 6.35147619247442], [80.6613082885744, 6.35376405715948], [80.6633605957032, 6.33977699279779], [80.6572265625003, 6.33719015121454], [80.6628036499023, 6.33189821243298], [80.664474487305, 6.32730579376221], [80.6708145141601, 6.32696199417109], [80.6751632690433, 6.32184505462646], [80.6696853637697, 6.31874799728399], [80.6700592041017, 6.30602788925171], [80.6953048706055, 6.30826616287237], [80.7039871215821, 6.30650615692144], [80.7118072509767, 6.30077695846569], [80.7219772338867, 6.30004692077637], [80.7323913574222, 6.29656505584717], [80.7411422729495, 6.28961086273193], [80.7597656250001, 6.28109884262096], [80.7709579467775, 6.27964878082287], [80.7830963134768, 6.27477598190313], [80.7871398925782, 6.26995420455933], [80.7980194091798, 6.26709318161011], [80.8246383666993, 6.26544284820562], [80.8316192626955, 6.26909399032598], [80.8455581665041, 6.26924705505382], [80.8579330444338, 6.27199983596813], [80.8691787719726, 6.26671981811535], [80.8819885253908, 6.24635076522827], [80.8925704956055, 6.24907922744762], [80.9103546142579, 6.23806381225592], [80.9310913085938, 6.2400741577149], [80.9347839355468, 6.23174381256115], [80.939682006836, 6.22794914245605], [80.9442138671876, 6.23449277877808], [80.9505004882813, 6.23484086990362], [80.952690124512, 6.23876094818127], [80.9476623535157, 6.24506092071528], [80.946891784668, 6.2530398368836], [80.9424819946289, 6.2578377723695], [80.941261291504, 6.27058315277105], [80.9349365234378, 6.27131223678589], [80.9343643188479, 6.28054523468018], [80.9319915771484, 6.28485012054449], [80.9271087646487, 6.29131078720104], [80.9199142456054, 6.29580593109142], [80.9128265380862, 6.31461095809937], [80.9065551757812, 6.32202482223511], [80.9060211181642, 6.32738590240479], [80.9092712402345, 6.33256387710571], [80.9023971557619, 6.33735179901123], [80.9029693603517, 6.34385490417492], [80.8970108032228, 6.34925794601446], [80.8653945922853, 6.35698223114014], [80.8625106811525, 6.36975002288824], [80.8554611206056, 6.37406921386713], [80.8532333374024, 6.38357496261602], [80.8472137451175, 6.38617992401123], [80.8460235595704, 6.39265823364252], [80.838790893555, 6.40174198150629], [80.8401107788087, 6.40443181991571], [80.8432617187502, 6.40405607223511], [80.8444061279299, 6.40703678131115], [80.8426742553713, 6.41688013076788], [80.838577270508, 6.42211818695068], [80.8379516601562, 6.42695379257202], [80.842758178711, 6.43394899368298], [80.8362045288088, 6.44045782089245], [80.8403472900393, 6.4416179656983], [80.8393096923829, 6.44929218292248], [80.8430709838869, 6.45607709884649], [80.8387298583985, 6.46071720123291], [80.8324356079102, 6.47572278976446], [80.8305664062502, 6.48835182189953], [80.8278427124023, 6.49011421203613], [80.8394241333007, 6.51637411117559], [80.8487472534181, 6.52839183807384], [80.8536376953127, 6.53177213668835], [80.8636016845706, 6.54967021942139], [80.8634872436525, 6.55634498596197], [80.860794067383, 6.56040382385265], [80.8669509887695, 6.57395601272594], [80.8660812377933, 6.57934904098511], [80.8724594116213, 6.58191919326794], [80.8693466186525, 6.58693981170666], [80.8696060180664, 6.59283208847057], [80.8766326904299, 6.59389400482183], [80.875686645508, 6.60139513015747], [80.8785781860352, 6.60616302490246], [80.8755950927735, 6.61063194274908], [80.8811874389648, 6.61328697204596], [80.8852157592775, 6.61816215515131], [80.8905181884767, 6.63139009475708], [80.8982620239258, 6.63741397857672], [80.9036178588869, 6.63899087905889], [80.9054107666015, 6.64647579193115], [80.9037017822265, 6.65062904357922], [80.9073944091797, 6.65478992462158], [80.9070968627933, 6.6584529876709], [80.9120864868163, 6.66689491271967], [80.9126892089845, 6.67184305191051], [80.9280166625977, 6.68757295608526], [80.9150390625001, 6.69474983215332], [80.9134445190431, 6.6920628547669], [80.9154052734376, 6.68865394592285], [80.9128799438478, 6.68466520309454], [80.9089279174805, 6.68347120285046], [80.9078598022464, 6.67850923538208], [80.9000320434573, 6.67571020126343], [80.8907394409181, 6.6756467819215], [80.8870239257815, 6.66598510742193], [80.8807525634768, 6.66378116607677], [80.8665542602539, 6.66202211380011], [80.8636322021486, 6.6656317710877], [80.8573837280275, 6.65753698348993], [80.8505859375002, 6.66132879257214], [80.8475646972659, 6.66663885116589], [80.8363037109376, 6.66679716110241], [80.8297042846681, 6.66964292526256], [80.8255462646484, 6.689621925354], [80.8122177124024, 6.69778394699108], [80.8118362426758, 6.70363378524792], [80.8210525512698, 6.70870304107666], [80.8323669433593, 6.71187305450445], [80.8335876464844, 6.71415901184093], [80.8379135131838, 6.71427297592157], [80.842498779297, 6.71873617172247], [80.8548812866213, 6.71940803527832], [80.8502883911132, 6.73014307022095], [80.8549194335938, 6.73190021514898], [80.8583374023439, 6.73640203475958], [80.8579025268556, 6.74148178100597], [80.8544540405276, 6.74644613265997], [80.8389511108401, 6.74423503875738], [80.8346557617187, 6.74554300308228], [80.8269577026368, 6.76171779632574], [80.8114776611329, 6.75571012496943], [80.8129196166994, 6.76196384429937], [80.8086624145511, 6.77257776260382], [80.8126068115235, 6.78542280197144], [80.8095169067385, 6.79196214675909], [80.7944259643556, 6.78142976760876], [80.7892684936525, 6.77396917343145], [80.7829055786136, 6.77451276779175], [80.7744522094727, 6.77836513519298], [80.744842529297, 6.75830602645874], [80.736656188965, 6.76285123825079], [80.7315368652344, 6.76339578628551], [80.721534729004, 6.75890302658081], [80.7121734619143, 6.75892210006725], [80.7062911987304, 6.75496482849121], [80.6940841674804, 6.7591609954834], [80.6649398803713, 6.75992488861084], [80.6611251831056, 6.76199388504028], [80.6593017578126, 6.75458383560192], [80.6537857055667, 6.75122308731085], [80.643653869629, 6.75390291213995], [80.6353988647461, 6.75336503982544], [80.6150512695313, 6.75938177108759], [80.6078414916995, 6.75884199142467], [80.5842590332033, 6.76363277435308], [80.5727462768558, 6.76392412185675], [80.559928894043, 6.77060699462885], [80.5507888793948, 6.77097082138073], [80.5443572998046, 6.77562808990479], [80.5382690429689, 6.7744932174682], [80.5274429321289, 6.76802921295172], [80.5116119384766, 6.77683305740356], [80.5009536743165, 6.77859497070324], [80.4948120117188, 6.7839350700379], [80.4885864257813, 6.79661417007446], [80.4899673461917, 6.79962682723993], [80.4958190917971, 6.80025386810308], [80.4976806640625, 6.80625009536749], [80.5022659301758, 6.80846309661871], [80.5006942749025, 6.81144714355469], [80.4955520629885, 6.81058979034418], [80.492088317871, 6.81591081619257], [80.4916687011722, 6.81992292404175], [80.4960021972657, 6.83173322677612]]]}, "properties": {"electoralDistrictCode": "RAT", "electoralDistrict": "Ratnapura", "province": "Sabaragamuwa", "aramRegion": "hill-country", "district": "Ratnapura"}}, {"type": "Feature", "geometry": {"type": "MultiPolygon", "coordinates": [[[[81.2265243530276, 8.51208305358892], [81.2270812988282, 8.51458263397217], [81.2248611450198, 8.51236057281506], [81.2265243530276, 8.51208305358892]]], [[[81.2315292358401, 8.53069400787365], [81.2345809936526, 8.5345830917359], [81.2315292358401, 8.53319454193115], [81.2315292358401, 8.53069400787365]]], [[[81.2156982421878, 8.54430484771729], [81.2134704589845, 8.54402732849121], [81.2137527465823, 8.54152679443371], [81.2156982421878, 8.54152679443371], [81.2156982421878, 8.54430484771729]]], [[[81.2106933593752, 8.54874992370617], [81.2048645019531, 8.54736232757574], [81.207359313965, 8.54625034332281], [81.205696105957, 8.54374885559082], [81.2087478637695, 8.5387487411499], [81.2131958007813, 8.54097080230724], [81.2118072509766, 8.54514026641846], [81.2137527465823, 8.54708385467535], [81.2106933593752, 8.54874992370617]]], [[[81.2051391601563, 8.7234725952149], [81.2023620605472, 8.72152900695801], [81.2070846557618, 8.72125053405762], [81.2051391601563, 8.7234725952149]]], [[[80.9587478637696, 8.98513793945318], [80.9615249633791, 8.98763847351086], [80.9584732055666, 8.98680591583258], [80.9587478637696, 8.98513793945318]]], [[[80.9273605346681, 8.99088764190674], [80.9189758300783, 8.98420619964611], [80.9099121093752, 8.98578834533703], [80.9029006958011, 8.98361778259289], [80.8984222412109, 8.9788703918457], [80.8936386108398, 8.9814281463623], [80.8883895874026, 8.98015975952143], [80.8873062133791, 8.97309303283691], [80.8829727172852, 8.96949863433844], [80.8740615844727, 8.96842288970959], [80.8739242553712, 8.96473503112804], [80.8705215454103, 8.96397590637207], [80.8678512573244, 8.95977783203131], [80.8592453002931, 8.95813941955578], [80.8565063476565, 8.96060752868652], [80.8495254516601, 8.96157646179199], [80.8329391479492, 8.96151733398449], [80.8279418945315, 8.95913982391369], [80.8269729614261, 8.95568466186529], [80.8233337402344, 8.95677185058605], [80.8078842163087, 8.95210742950451], [80.8027114868166, 8.95291328430176], [80.794906616211, 8.94848728179932], [80.7881774902344, 8.95078468322754], [80.7819824218753, 8.94697570800787], [80.7746810913088, 8.9470472335816], [80.7698211669924, 8.93991756439215], [80.7621002197266, 8.93611621856701], [80.7530364990236, 8.90515232086182], [80.7795639038088, 8.91571998596191], [80.7848129272464, 8.92058753967297], [80.812309265137, 8.91525268554688], [80.8259582519532, 8.90555763244629], [80.8328781127933, 8.90312290191656], [80.8407363891603, 8.89486789703369], [80.8535079956058, 8.88701725006098], [80.8714904785158, 8.8821296691894], [80.8872909545898, 8.86944866180426], [80.891052246094, 8.85748386383057], [80.8965682983399, 8.85347652435308], [80.9088668823244, 8.83647727966314], [80.9126052856448, 8.83685779571539], [80.9109191894534, 8.82356643676752], [80.9010086059571, 8.81637477874767], [80.8929138183594, 8.80414485931408], [80.8924484252929, 8.79937267303467], [80.883125305176, 8.78858470916754], [80.8821029663089, 8.77390766143805], [80.8795547485352, 8.76854324340826], [80.8788375854493, 8.7527256011964], [80.8821868896486, 8.7469272613526], [80.8905639648439, 8.74344730377197], [80.8932723999023, 8.73221969604487], [80.8915481567383, 8.72999095916754], [80.8914489746097, 8.7225427627564], [80.8945236206056, 8.7157506942749], [80.8993072509765, 8.71208190917963], [80.9116363525391, 8.68921279907232], [80.9134445190431, 8.68096733093262], [80.9137191772463, 8.67342090606695], [80.9088058471683, 8.66699409484863], [80.8999938964846, 8.66254234313971], [80.900650024414, 8.6588592529298], [80.8934249877931, 8.64606189727783], [80.8914794921876, 8.63761138916021], [80.8971252441409, 8.63050460815441], [80.8939437866214, 8.62190532684338], [80.8959655761719, 8.61807632446295], [80.9158554077151, 8.6051397323609], [80.9147262573245, 8.59838485717773], [80.9171142578125, 8.58482170104975], [80.9439926147461, 8.55180835723871], [80.9468154907228, 8.53569030761719], [80.9448471069339, 8.52429008483892], [80.9472503662109, 8.50746059417725], [80.9514160156252, 8.50327396392822], [80.9633483886722, 8.49864292144787], [80.9650878906253, 8.49245738983154], [80.9632873535157, 8.48567485809332], [80.9858627319339, 8.4848518371582], [80.9909133911133, 8.47482395172131], [80.9889755249025, 8.47103118896484], [80.9829177856445, 8.468095779419], [80.9716796875001, 8.46858978271484], [80.972640991211, 8.46010494232172], [80.9628982543946, 8.45381546020513], [80.9537887573243, 8.43918037414562], [80.9459533691409, 8.41814613342291], [80.941215515137, 8.39742660522472], [80.9377822875979, 8.39234161376959], [80.9333114624023, 8.38983154296881], [80.9275436401367, 8.37426376342773], [80.9264297485353, 8.36660289764404], [80.9291687011721, 8.35767841339111], [80.9242324829102, 8.3369197845459], [80.9310913085938, 8.3452234268189], [80.940841674805, 8.34253597259527], [80.9520492553712, 8.32289218902588], [80.9553222656251, 8.3244514465332], [80.9623260498047, 8.32369041442882], [80.9673538208011, 8.31794166564941], [80.9801330566409, 8.31248474121105], [80.9888229370117, 8.27309703826899], [80.9989929199219, 8.27268314361572], [81.0173492431643, 8.27901554107666], [81.0259780883791, 8.27686691284185], [81.0362548828124, 8.27890205383306], [81.0461654663087, 8.27578926086426], [81.0500564575195, 8.27224540710449], [81.0776443481445, 8.2715682983399], [81.0900650024416, 8.26224231719982], [81.0984344482421, 8.26036834716803], [81.1056442260745, 8.25601768493652], [81.1107635498047, 8.25986480712885], [81.1185150146484, 8.25895309448254], [81.1241073608401, 8.26304626464855], [81.1324234008791, 8.26207828521734], [81.1364364624025, 8.25930213928234], [81.139358520508, 8.26085376739508], [81.1589965820313, 8.23952293396002], [81.1661834716799, 8.23464202880871], [81.1727142333985, 8.23534965515148], [81.1773223876955, 8.23057079315186], [81.1869125366214, 8.22736167907726], [81.1961898803712, 8.23195362091064], [81.1994323730469, 8.23135280609137], [81.2044448852542, 8.22691535949701], [81.2037048339845, 8.22181224822998], [81.2061843872071, 8.21559333801275], [81.2014999389648, 8.19713211059576], [81.2041397094728, 8.19246387481684], [81.2044982910158, 8.18394947052008], [81.2105636596683, 8.18332195281982], [81.2134170532229, 8.17948913574224], [81.2069244384768, 8.16298103332531], [81.1973266601563, 8.16014766693115], [81.19206237793, 8.1542539596557], [81.1929931640628, 8.15120506286627], [81.2079772949219, 8.14883232116699], [81.2189559936526, 8.15520477294922], [81.2219696044922, 8.15388488769537], [81.2291183471681, 8.15760898590099], [81.2314910888674, 8.15525531768793], [81.235534667969, 8.16855621337891], [81.2339477539063, 8.16909790039062], [81.2345199584962, 8.17408275604259], [81.236869812012, 8.17852878570562], [81.2428512573244, 8.17906475067133], [81.23885345459, 8.18614768981945], [81.2375793457032, 8.19426727294922], [81.239814758301, 8.19668483734142], [81.2430877685547, 8.19643402099615], [81.2514114379882, 8.20997905731201], [81.2503128051758, 8.2261266708374], [81.2563858032228, 8.22506237030029], [81.2586593627929, 8.23211574554449], [81.2633743286136, 8.23124790191662], [81.266082763672, 8.23534774780268], [81.2690048217773, 8.23479938507074], [81.2701187133791, 8.23786640167236], [81.2657546997072, 8.2410192489624], [81.2684860229494, 8.24250888824474], [81.2725524902347, 8.24123477935791], [81.2733764648439, 8.24739074707037], [81.2799835205081, 8.24974822998041], [81.2811660766601, 8.2563047409057], [81.2859191894532, 8.25714302062994], [81.2880783081055, 8.26105880737316], [81.2982330322266, 8.25504207611095], [81.3099746704103, 8.25265598297119], [81.3169555664063, 8.25559806823742], [81.328094482422, 8.26443195343018], [81.3433609008791, 8.26311492919922], [81.3526229858399, 8.26816082000732], [81.3566436767581, 8.26511383056646], [81.3538360595703, 8.26043224334722], [81.3543701171878, 8.25709819793701], [81.3593368530276, 8.25461959838862], [81.3640441894534, 8.25687885284435], [81.3739547729493, 8.25300693511957], [81.3776397705081, 8.25699329376221], [81.3852996826171, 8.25409221649176], [81.38533782959, 8.2588033676148], [81.3914108276367, 8.26190662384033], [81.3951110839844, 8.2549991607666], [81.3927307128907, 8.25309753417974], [81.3930892944339, 8.25077629089361], [81.4000396728516, 8.24914073944097], [81.4011306762695, 8.26099967956543], [81.4040298461916, 8.26311683654797], [81.3876419067383, 8.32986164093023], [81.3879165649417, 8.3576402664184], [81.3801422119142, 8.35652732849121], [81.3776397705081, 8.35486125946056], [81.3776397705081, 8.35152912139887], [81.3756942749024, 8.3512487411499], [81.3773574829102, 8.35680484771729], [81.3734741210937, 8.35875034332275], [81.3754196166994, 8.3623619079591], [81.3718032836916, 8.36430644989014], [81.3740310668946, 8.36874961853027], [81.369583129883, 8.37958335876459], [81.3754196166994, 8.36791610717768], [81.3745803833011, 8.36458206176763], [81.3787536621094, 8.36041641235363], [81.3823623657229, 8.35986232757574], [81.3848648071292, 8.36208438873302], [81.385971069336, 8.35902786254888], [81.3890304565432, 8.35930633544928], [81.389862060547, 8.35597133636469], [81.3931961059571, 8.35875034332275], [81.3854141235354, 8.36652755737316], [81.3793029785159, 8.3823614120484], [81.3659744262696, 8.43513870239263], [81.3609695434571, 8.46347141265875], [81.353469848633, 8.48319530487066], [81.3523635864258, 8.49152660369873], [81.3540267944335, 8.49514007568365], [81.3512496948243, 8.49847221374512], [81.3476409912112, 8.49930572509771], [81.3470840454102, 8.50319385528564], [81.3401412963869, 8.50485992431646], [81.3298645019531, 8.5140266418457], [81.3220825195315, 8.52486228942877], [81.3165283203126, 8.52486228942877], [81.3123626708987, 8.51958370208752], [81.312080383301, 8.51458263397217], [81.3054199218752, 8.51263904571539], [81.3015289306643, 8.50902652740479], [81.2806930541994, 8.50736141204845], [81.2843017578126, 8.49874973297119], [81.2838134765626, 8.49263954162598], [81.2873611450196, 8.48902702331554], [81.2879180908204, 8.48430538177502], [81.2851409912112, 8.47486019134521], [81.2781982421876, 8.46486186981207], [81.2559738159181, 8.46263885498047], [81.2520828247073, 8.45819473266602], [81.253471374512, 8.46236133575439], [81.2304153442384, 8.46291732788086], [81.2298583984374, 8.45791721343994], [81.2256927490236, 8.45791721343994], [81.2295761108401, 8.46064472198486], [81.2220840454102, 8.46069526672375], [81.2037506103517, 8.46902847290039], [81.2018051147462, 8.46402740478521], [81.2037506103517, 8.46041679382336], [81.2001419067385, 8.45652675628662], [81.197364807129, 8.45541667938244], [81.1945800781252, 8.45763874053955], [81.1898574829102, 8.45152854919434], [81.1837463378906, 8.45097255706787], [81.1881942749026, 8.44847202301037], [81.1884689331054, 8.4448623657226], [81.1837463378906, 8.43930625915527], [81.1834716796878, 8.42930698394775], [81.1823577880859, 8.43930625915527], [81.1873626708986, 8.44708442687988], [81.1848602294924, 8.44847202301037], [81.182083129883, 8.44597244262695], [81.1815261840821, 8.44763755798351], [81.1837463378906, 8.4479160308839], [81.1826400756837, 8.45125102996826], [81.1887512207032, 8.45291709899908], [81.1929168701172, 8.45819473266602], [81.1987533569337, 8.45708274841309], [81.2020797729493, 8.46097087860102], [81.2006912231447, 8.46402740478521], [81.1981964111328, 8.46458435058594], [81.2001419067385, 8.46708393096935], [81.197364807129, 8.46680641174328], [81.2012481689453, 8.47347164154053], [81.193473815918, 8.4868049621582], [81.1906967163089, 8.50597286224371], [81.1812515258791, 8.50819492340099], [81.1787490844728, 8.51152896881104], [81.1768035888675, 8.51013946533203], [81.1698608398438, 8.5140266418457], [81.1679153442383, 8.51180458068853], [81.1573638916017, 8.50958347320557], [81.1545867919922, 8.50680541992199], [81.1498641967774, 8.50680541992199], [81.1443023681641, 8.49347209930426], [81.139862060547, 8.49263954162598], [81.1376419067385, 8.48875141143805], [81.1340255737307, 8.48930454254162], [81.131248474121, 8.49347209930426], [81.1243057250977, 8.49791622161865], [81.1218032836915, 8.50902652740479], [81.1337509155275, 8.51236057281506], [81.1356964111328, 8.5181932449342], [81.1493072509768, 8.53125095367443], [81.1479187011719, 8.53486061096197], [81.1495819091799, 8.53819465637201], [81.1520843505859, 8.5384731292724], [81.1534729003909, 8.54514026641846], [81.1668090820313, 8.53930473327637], [81.1776351928713, 8.52597236633295], [81.1815261840821, 8.53180694580089], [81.1804199218753, 8.53652667999279], [81.1843032836916, 8.53625106811529], [81.1884689331054, 8.53096961975098], [81.1845855712891, 8.52180576324463], [81.1865310668948, 8.51958370208752], [81.1851425170901, 8.51347255706798], [81.1865310668948, 8.51180458068853], [81.1906967163089, 8.51263904571539], [81.1926422119142, 8.50763893127453], [81.1987533569337, 8.50569534301763], [81.205696105957, 8.51013946533203], [81.210418701172, 8.50819492340099], [81.2129135131838, 8.50930690765375], [81.2109756469726, 8.5179176330567], [81.2076416015627, 8.51902770996105], [81.2095870971683, 8.52652835845942], [81.2062530517578, 8.52597236633295], [81.2054138183597, 8.5279159545899], [81.2131958007813, 8.53180694580089], [81.201530456543, 8.52958202362072], [81.2009735107424, 8.53430461883551], [81.2045822143555, 8.53430461883551], [81.2054138183597, 8.5359725952149], [81.2024154663088, 8.53957176208507], [81.1993026733401, 8.53819465637201], [81.1990280151368, 8.54013919830322], [81.2020797729493, 8.54041671752935], [81.2029190063479, 8.54291725158703], [81.2001419067385, 8.54625034332281], [81.1945800781252, 8.54402732849121], [81.1922760009765, 8.54541301727306], [81.1948623657229, 8.54541778564453], [81.1943054199219, 8.54902839660656], [81.2018051147462, 8.5534715652467], [81.2029190063479, 8.55152797698975], [81.2051391601563, 8.55208396911621], [81.2054138183597, 8.55624961853027], [81.1981964111328, 8.55458354949963], [81.1981964111328, 8.55791568756109], [81.1937484741214, 8.5534715652467], [81.1920852661132, 8.55430603027355], [81.1940307617189, 8.55791568756109], [81.1920852661132, 8.56152915954601], [81.1951370239257, 8.5626392364502], [81.198471069336, 8.56847095489508], [81.193473815918, 8.56902694702154], [81.1926422119142, 8.57209491729742], [81.1951370239257, 8.57374954223633], [81.2006912231447, 8.57180500030529], [81.1990127563477, 8.57794094085705], [81.2006912231447, 8.5779180526734], [81.2012481689453, 8.57513999938965], [81.2037506103517, 8.57597160339361], [81.203193664551, 8.56819534301758], [81.2079162597656, 8.57097434997564], [81.2187500000003, 8.58402824401867], [81.2215270996094, 8.58236026763927], [81.215141296387, 8.57402801513672], [81.210418701172, 8.57236194610607], [81.2079162597656, 8.56513881683355], [81.2126083374026, 8.56877899169928], [81.2162475585938, 8.56902694702154], [81.2240295410157, 8.57597160339361], [81.2281951904297, 8.57291793823254], [81.2343063354492, 8.56152915954601], [81.2309722900393, 8.55847263336187], [81.2309722900393, 8.55486011505121], [81.2265243530276, 8.5526380538941], [81.2218093872073, 8.54569339752203], [81.2218093872073, 8.5431947708131], [81.2245864868165, 8.5431947708131], [81.2320861816409, 8.54741859436041], [81.2265243530276, 8.54041671752935], [81.2268066406249, 8.53541660308844], [81.2323608398439, 8.53569507598883], [81.2326354980471, 8.53791713714594], [81.2393035888674, 8.5431947708131], [81.2473602294925, 8.5459709167481], [81.2451400756838, 8.55486011505121], [81.2468032836917, 8.56013870239269], [81.2426376342773, 8.56208324432373], [81.244026184082, 8.56486129760748], [81.2406921386722, 8.56513881683355], [81.2376403808597, 8.5698614120484], [81.2395858764648, 8.57430553436279], [81.244583129883, 8.57541561126715], [81.2456970214845, 8.58291625976574], [81.2401351928712, 8.576250076294], [81.2351379394534, 8.5779180526734], [81.2231979370119, 8.5951385498048], [81.2195816040041, 8.60847187042236], [81.2193069458011, 8.62041664123535], [81.2268066406249, 8.62847232818609], [81.2223587036136, 8.63875102996826], [81.2226409912111, 8.64347267150873], [81.2256927490236, 8.64680480957043], [81.2254180908206, 8.65347099304211], [81.2043075561525, 8.67652702331554], [81.1901397705081, 8.70624923706066], [81.1754150390627, 8.7306947708131], [81.1743087768558, 8.72819519042974], [81.16902923584, 8.72652912139893], [81.1665267944335, 8.71930694580089], [81.1618041992189, 8.71458435058594], [81.1665267944335, 8.72736072540289], [81.1726379394531, 8.7293052673341], [81.1745834350588, 8.73374938964849], [81.1648635864258, 8.73958396911627], [81.1590270996094, 8.74680423736584], [81.1473617553712, 8.76513767242426], [81.1476364135743, 8.76875019073492], [81.1443023681641, 8.76680564880371], [81.1379165649413, 8.7709722518922], [81.122085571289, 8.79208374023443], [81.1190261840821, 8.78874969482433], [81.1156921386719, 8.79097175598145], [81.118751525879, 8.79152774810791], [81.118751525879, 8.79374980926525], [81.1087493896486, 8.80680465698242], [81.102363586426, 8.82124996185308], [81.099304199219, 8.82180595397955], [81.0918045043947, 8.83486080169689], [81.0895843505862, 8.8412494659425], [81.0909729003909, 8.84847164154053], [81.084587097168, 8.85513782501221], [81.086250305176, 8.8612489700318], [81.0831909179689, 8.85902881622326], [81.0779190063477, 8.86180496215826], [81.0804138183594, 8.86847114562994], [81.0740280151367, 8.86152744293213], [81.0693054199219, 8.86013889312744], [81.0756912231448, 8.85680675506592], [81.0751419067386, 8.85347175598139], [81.0737533569338, 8.85486030578613], [81.0712509155274, 8.85041618347174], [81.0715255737306, 8.85847282409679], [81.0673599243166, 8.85736083984381], [81.0593032836917, 8.86152744293213], [81.0331954956056, 8.88736057281506], [81.0223617553713, 8.90541553497309], [81.0173645019532, 8.91847324371349], [81.0159759521485, 8.91597270965582], [81.018196105957, 8.91180515289301], [81.0173645019532, 8.90430641174322], [81.0143051147462, 8.90597152709955], [81.0159759521485, 8.90708541870129], [81.0154190063479, 8.90986061096197], [81.0134735107424, 8.9073600769043], [81.0045852661134, 8.90458202362072], [81.0129165649415, 8.90819358825689], [81.0159759521485, 8.91236114501947], [81.0159759521485, 8.92041683197021], [81.0104141235352, 8.93013763427734], [81.0112533569337, 8.93235969543463], [81.0076370239259, 8.93847274780279], [81.0031967163087, 8.9354162216186], [80.9970855712891, 8.94097328186047], [80.986251831055, 8.95791625976574], [80.9765243530276, 8.96875095367437], [80.9670867919922, 8.98513793945318], [80.9601364135743, 8.97764015197748], [80.9579162597656, 8.96875095367437], [80.9551391601565, 8.96902656555187], [80.9593048095705, 8.96708297729498], [80.9623641967776, 8.96263790130627], [80.9643630981447, 8.95041847229004], [80.9620819091799, 8.94819641113293], [80.9556961059571, 8.94791793823254], [80.9548645019531, 8.95097160339361], [80.9529190063478, 8.951250076294], [80.947364807129, 8.94597339630133], [80.9431915283205, 8.9448614120484], [80.9429168701172, 8.94291687011719], [80.9400787353518, 8.94269371032715], [80.9393081665042, 8.93902873992926], [80.9448623657229, 8.94152736663813], [80.9479141235354, 8.93847274780279], [80.9484710693362, 8.93486022949213], [80.9456939697267, 8.93402767181408], [80.9440307617188, 8.9284715652467], [80.9368057250979, 8.9284715652467], [80.9362487792969, 8.93208217620855], [80.9318084716797, 8.93402767181408], [80.9290313720706, 8.93902873992926], [80.9243087768556, 8.92736244201666], [80.9229202270511, 8.92986011505127], [80.9265289306643, 8.93430423736584], [80.9234695434571, 8.93263816833502], [80.9212493896484, 8.93402767181408], [80.9226379394531, 8.93819522857666], [80.9190292358399, 8.93569469451899], [80.914863586426, 8.93597316741955], [80.9156951904298, 8.94013881683361], [80.9123611450196, 8.93902873992926], [80.9120864868163, 8.9520835876466], [80.9084701538085, 8.95291805267345], [80.9062500000001, 8.9490270614624], [80.9090270996095, 8.95763778686535], [80.905418395996, 8.96152877807617], [80.907913208008, 8.96486091613764], [80.905418395996, 8.96791744232183], [80.910972595215, 8.97041702270519], [80.9145812988283, 8.96708297729498], [80.9181976318359, 8.96875095367437], [80.9265289306643, 8.96375083923346], [80.9304199218752, 8.97152709960938], [80.9243087768556, 8.9706945419311], [80.9187469482423, 8.97402667999273], [80.9154129028321, 8.9793062210083], [80.9234695434571, 8.98402786254883], [80.9273605346681, 8.99088764190674]]]]}, "properties": {"electoralDistrictCode": "TRI", "electoralDistrict": "Trincomalee", "province": "Eastern", "aramRegion": "eastern", "district": "Trincomalee"}}]}